,P,Y,Ce,Sm,Eu,Dy,Lu,Hf,Th,U,No,Set,zircon,Sample ID,Rock type,Age(Ma),label,P_copy,pred_type
0,0.7148653900543568,0.25657098875554685,0.09576362542324883,-0.9034866332030114,-1.6348208464343217,0.0660754274766106,0.9616600375924036,0.33136979283473667,-1.0245325117073658,1.668838630608333,168,Testing set,S-type zircon,181203\LA3-01,Lusatian Granitoids,548.9,1.0,18.2903225806452,1.0
1,1.4416057749526177,1.2766909911000504,-1.4397906561003095,2.8627781704380686,-1.0772451716078546,1.417831289379304,0.7802897175386175,0.1484924009409864,-1.3186634594167421,-1.6065880667168397,169,Testing set,S-type zircon,181203\LA3-03,Lusatian Granitoids,547.5,1.0,34.0322580645161,1.0
2,1.5842215996838223,1.8460716261813899,-1.68073245536176,1.3578914860565914,-2.632409799885564,1.7654044626222785,1.865680589577322,-0.5719809981410167,-1.0606184422021188,0.5216940125366537,170,Testing set,S-type zircon,181203\LA3-05,Lusatian Granitoids,540.741113439166,1.0,57.7741935483871,1.0
3,0.8377249192831515,0.5564490484739395,-0.6176311890890964,0.169393756912842,-1.8778189732273296,0.5427546945863507,0.24903726329445164,0.6405556386569459,0.07325782886314412,0.8589381126482528,171,Testing set,S-type zircon,181203\LA3-06,Lusatian Granitoids,513.8,1.0,20.4516129032258,1.0
4,1.1874631247407172,1.2360285047299147,-1.405412145846221,2.883467344315992,-1.3091180814020291,1.4067723293317396,0.7921882918734071,-0.7298447225627953,-0.96985064632294,-0.6991803189496645,172,Testing set,S-type zircon,181203\LA3-07,Lusatian Granitoids,579.269580531134,1.0,36.7741935483871,1.0
5,1.3398338922229986,1.034048391320902,-1.2890728238809794,2.224441547826308,-1.8350593135694329,1.1702401575396233,0.6463505010384774,1.3251789913520209,-0.950042208021052,-0.7483453945757842,173,Testing set,S-type zircon,181203\LA3-08,Lusatian Granitoids,552.633955439594,1.0,19.6129032258065,1.0
6,1.2725823940382095,1.55983833394979,-1.5291466148218646,-0.02501888964902012,-2.8594812801688554,1.3679499151802745,1.8242815139866952,-0.8744050012478367,-0.2629318748772705,2.11849092636919,174,Testing set,S-type zircon,181203\LA3-09,Lusatian Granitoids,461.7,1.0,49.4838709677419,1.0
7,1.7122901084878,1.649670854011995,-1.7675449462045565,1.850385726941724,-1.8171202180661836,1.618080916011879,1.761638942143347,1.1481800293343447,-1.916600532257158,-0.7217058458100658,175,Testing set,S-type zircon,181203\LA3-12,Lusatian Granitoids,561.788063313634,1.0,34.5806451612903,1.0
8,0.9119201015678438,1.251106959372942,-1.3235329735434702,2.9998810963427425,-1.48327257625695,1.4348554636610713,0.6067946234740338,-0.5385758953721025,-0.4441216054482614,-0.9577431936362955,176,Testing set,S-type zircon,181203\LA3-13,Lusatian Granitoids,483.5,1.0,28.1290322580645,1.0
9,1.2171820063549363,1.3817834201062846,-1.560222956052513,2.8027369059863156,-1.74023934240835,1.4996860890587056,1.043599286513574,-0.36403641905578377,-0.833909872448842,-0.5453847994903671,177,Testing set,S-type zircon,181203\LA3-14,Lusatian Granitoids,508.6,1.0,36.8709677419355,1.0
10,1.5465763590076411,1.549601058674557,-1.7070771975105503,1.4040629483937022,-1.60002976304798,1.4293727467321933,1.6421810167524948,0.7931162803225961,-1.720112337142435,-0.14271677667812768,178,Testing set,S-type zircon,181203\LA3-15,Lusatian Granitoids,573.50445791533,1.0,34.258064516129,1.0
11,1.5987224546692473,1.835847831393509,-1.8046887672687413,0.40805767762659256,-3.14422241452639,1.6416392983847068,2.209087851208468,-0.44499008063312995,-0.6841532156816799,1.6372179331010501,179,Testing set,S-type zircon,181203\LA3-16,Lusatian Granitoids,500.56783758717,1.0,52.5806451612903,1.0
12,0.5668364745669501,1.029635524110954,-1.041232929489709,3.5275669394796054,-1.1124910771558199,1.3056825760498276,0.1568783949056056,-0.7413789318715208,-0.3172548942945026,-1.295127148682656,180,Testing set,S-type zircon,181203\LA3-20,Lusatian Granitoids,484.3,1.0,20.1290322580645,1.0
13,0.8305528292987949,0.7015518766030142,-0.8311263257062079,1.3988943599932782,-0.2570127903472422,0.8271490959672968,0.48125463623879455,0.08580945910015185,-1.1240413531369244,-0.8199064468987003,181,Testing set,S-type zircon,181203\LA3-21,Lusatian Granitoids,605.0,1.0,22.0322580645161,1.0
14,1.095520780364748,1.2361091499913954,-1.173675749960132,0.6850522901423355,-1.987878862783505,1.154633503538726,1.1123970597128858,-0.17053739613661714,-0.559523225129637,0.7413678246918685,182,Testing set,S-type zircon,181203\LA3-22,Lusatian Granitoids,542.456502294398,1.0,29.8709677419355,1.0
15,1.286988808537578,1.329144632233169,-1.146548348451957,2.3725606287215673,-1.764227895381769,1.388726702229912,1.0125221154016317,-1.054974163280347,-0.8026060098616086,-0.6918596975495553,183,Testing set,S-type zircon,181203\LA3-25,Lusatian Granitoids,526.6,1.0,43.3548387096774,1.0
16,1.2898256965287402,1.4566445209630232,-1.4330561111531952,1.59495753560438,-2.0682010883890625,1.434204953804618,1.299218551729566,0.09825655237702692,-0.9242102316286419,0.02348580332418907,184,Testing set,S-type zircon,181203\LA3-26,Lusatian Granitoids,527.907873077496,1.0,35.3548387096774,1.0
17,0.7884727907793325,0.9329920342161232,-1.115983729108985,3.42032320277782,-0.5657787332023881,1.2249660441126442,0.06661936658092904,-0.2973005250192948,-0.7791999872235035,-1.6825110550471702,185,Testing set,S-type zircon,181203\LA3-28,Lusatian Granitoids,509.0,1.0,22.3870967741935,1.0
18,0.8896467957466829,1.1099390637337112,-1.258861757165981,3.1935230301869466,-1.0754453209347883,1.3446559458698792,0.38938046186669895,-0.5550218126450874,-0.5122518542302195,-1.3144180852566372,186,Testing set,S-type zircon,181203\LA3-29,Lusatian Granitoids,491.8,1.0,28.0967741935484,1.0
19,0.7148463699297859,0.6964729204729726,-0.7753902353549061,2.211547273266159,-0.7765602433007974,0.8395076574781302,0.28147388920651,0.9652342499554654,-1.2297276189323134,-0.8937976047072164,187,Testing set,S-type zircon,181203\LA3-30,Lusatian Granitoids,605.135589679925,1.0,13.9032258064516,1.0
20,1.849154893757218,2.0952379315703817,-2.1587966870314714,1.285529330896898,-2.481812873037973,1.8782079568107815,2.5273543273240424,-0.26288674397439776,-1.5641870334689243,0.5613637100774697,188,Testing set,S-type zircon,181203\LA3-32,Lusatian Granitoids,506.9,1.0,64.1935483870968,1.0
21,1.487383825892002,1.2914316186662809,-1.4301535036971722,2.9982505933667056,-1.358270002362649,1.380527210166478,0.7625731455652597,-0.5771714848262303,-1.7194350556933733,-0.30714816179316184,189,Testing set,S-type zircon,181203\LA3-33,Lusatian Granitoids,593.5,1.0,45.4838709677419,1.0
22,1.1446384597260704,1.2383540109163487,-1.2825441362092784,2.4929686950690755,-1.599753562534737,1.2443928017642176,1.0819419014533658,-1.4597708595610945,-0.5868477250269145,-0.2245644232444858,190,Testing set,S-type zircon,181203\LA3-35,Lusatian Granitoids,554.4,1.0,46.4516129032258,1.0
23,1.6591642073703423,1.86754792098288,-1.9574605101868252,0.8417430837965092,-3.3755651380993252,1.6927949630348598,2.579984562331703,-0.026792792499022666,-1.0933677733415204,1.775677662146144,191,Testing set,S-type zircon,181203\LA3-36,Lusatian Granitoids,490.1,1.0,55.0322580645161,1.0
24,1.2208640997382332,1.254583813937278,-1.6324431993237352,1.4372200414449021,-1.063999927891271,1.1375356108256496,1.3510103790969994,-0.015355861770707663,-1.3791604410699456,0.43108638137795674,192,Testing set,S-type zircon,181203\LA3-37,Lusatian Granitoids,528.397096901296,1.0,36.2258064516129,1.0
25,1.4402421612009237,1.4017121749956267,-1.4285871025005694,1.659960858707229,-2.262960385024842,1.3556108762990766,1.4415240019425404,0.43084763346027666,-1.154164962442997,0.10765794346825354,193,Testing set,S-type zircon,181203\LA3-38,Lusatian Granitoids,562.2,1.0,35.6774193548387,1.0
26,0.8444376953786801,1.062078632649748,-1.4362461605348846,3.3299051141503933,-0.6048437178937579,1.2733236108245198,0.4835862192608071,0.6211554421545051,-1.1797538242518182,-1.5070886711021834,194,Testing set,S-type zircon,181203\LA3-39,Lusatian Granitoids,498.0,1.0,17.4193548387097,1.0
27,1.4543082145192185,1.4253085212224643,-1.4036972632064866,2.577836694190565,-1.97394599777335,1.4280488130367628,1.11427773698418,0.34063058629642956,-1.172816274089213,-0.891598681251609,195,Testing set,S-type zircon,181203\LA3-40,Lusatian Granitoids,567.444375775424,1.0,34.5806451612903,1.0
28,1.1773658852564237,1.0357644699226891,-1.3310881040317686,3.1737298896567205,-0.8486174639773243,1.178645593685671,0.6000193646994827,0.06026055711374924,-1.2868440396830259,-1.2811609321053694,196,Testing set,S-type zircon,181203\LA3-45,Lusatian Granitoids,576.0,1.0,28.4838709677419,1.0
29,1.1704812720348237,1.1222159648608043,-1.1947725148491017,3.4518660601164735,-1.107525269205858,1.2929732438387378,0.5779663041091266,-0.4193459049358136,-0.9668713560872275,-1.7316275040112545,197,Testing set,S-type zircon,181203\LA3-46,Lusatian Granitoids,513.847138307102,1.0,30.3548387096774,1.0
30,1.5651023185364517,1.48010939832505,-1.630270301856276,1.3964603842542034,-2.0559359430558346,1.3280256748608832,1.7699540368626883,0.551165249701408,-1.5688762011228516,0.4095341423888546,198,Testing set,S-type zircon,181203\LA3-49,Lusatian Granitoids,557.605770330472,1.0,38.0645161290323,1.0
31,0.8153971943882038,0.7042472845438315,-0.6645127956313838,2.25030752019325,-0.7872988151289105,0.8716686746550929,0.23449396280013007,-0.22521365351332268,-0.9675076719770884,-0.8881958115049979,199,Testing set,S-type zircon,181203\LA3-50,Lusatian Granitoids,587.841429151932,1.0,23.3225806451613,1.0
32,1.3170992752341362,1.3053000145183133,-1.3797631411532405,2.6765420787806646,-1.713192857084074,1.4026148258519369,0.9804091733487161,0.7907153037216459,-1.2360943864219682,-1.1454920206476475,200,Testing set,S-type zircon,181203\LA3-51,Lusatian Granitoids,574.0,1.0,28.2903225806452,1.0
33,1.1614934979681397,1.5332308971933328,-1.5913655874904393,1.577924220527765,-1.7820777153053395,1.4989171657484435,1.3734721118096316,-0.9534856774747463,-0.7903136152480903,0.5484073295742191,201,Testing set,S-type zircon,181203\LA3-52,Lusatian Granitoids,533.5,1.0,45.7096774193548,1.0
34,1.0016430386064714,0.9946742964079881,-1.1465859517722166,2.9437776457469895,-1.0269654944719424,1.194620610538369,0.2876402858092232,0.9571469298830472,-1.0303533775415228,-1.6555683147737361,202,Testing set,S-type zircon,181203\LA3-53,Lusatian Granitoids,553.826084444032,1.0,18.4838709677419,1.0
35,1.0602088673834416,1.35179199234507,-1.291392031924628,3.091782432419444,-1.5509956833998453,1.4989966061168156,0.556765464076936,-1.4459408897090642,-0.5127749607264991,-0.6938687660655198,203,Testing set,S-type zircon,181203\LA3-54,Lusatian Granitoids,561.17050176776,1.0,45.4838709677419,1.0
36,1.4174885372802424,1.6614951750207125,-1.6137064712318938,0.8115320385607651,-1.9199532961723758,1.48963704152179,1.6902153155804185,-0.8812640739929624,-0.8574214020941966,0.600669671732139,204,Testing set,S-type zircon,181203\LA3-58,Lusatian Granitoids,532.6,1.0,54.4838709677419,1.0
37,1.356593256445862,1.4047850854152197,-1.4775469263231142,2.068219396378546,-1.7754748316922557,1.521111896870272,1.033268345483468,-0.5434857630658069,-0.9670098542472954,-0.12190249245454304,205,Testing set,S-type zircon,181203\LA4-03,Lusatian Granitoids,497.0,1.0,42.5806451612903,1.0
38,1.317677270013024,1.2918768020135833,-1.3457554163609522,1.6505800816667169,-1.1672774188705026,1.3172195319622317,1.0287636588973224,-0.6769254256968114,-1.2464628982722248,-0.17591772942354333,206,Testing set,S-type zircon,181203\LA4-05,Lusatian Granitoids,514.968507076995,1.0,44.0967741935484,1.0
39,1.186167744329682,1.0767067886664599,-1.5556664798429685,2.281314262723031,-0.6688864348912623,1.1716318201193616,0.754260724109222,0.1620791544957244,-1.6128619658010226,-0.1263322719367873,207,Testing set,S-type zircon,181203\LA4-06,Lusatian Granitoids,563.334736744029,1.0,32.1935483870968,1.0
40,1.067323481231047,0.6706506848663273,-0.7906008341574017,2.554322119910869,0.214551859494698,0.9262787291696261,-0.2578147980606097,-0.6291648652118332,-1.612855106391883,-1.291033766194947,208,Testing set,S-type zircon,181203\LA4-07,Lusatian Granitoids,555.995256046542,1.0,34.1935483870968,1.0
41,1.097752594585628,1.0971997385448948,-1.228495705027211,3.2630693971018156,-0.606247669954215,1.316978700844438,0.41877245469441987,-0.7525868368576308,-1.3221725684757548,-1.3234664211279605,209,Testing set,S-type zircon,181203\LA4-09,Lusatian Granitoids,544.6,1.0,36.4516129032258,1.0
42,1.0084587893554693,0.9544389813920849,-1.129311548387388,2.0221266336532975,-0.7935124295672891,1.013777569591796,0.5767312736106724,-0.16320038316923538,-1.0410783045371939,-0.546803724557615,210,Testing set,S-type zircon,181203\LA4-12,Lusatian Granitoids,474.0,1.0,24.3225806451613,1.0
43,0.88969993697658,1.0692551532486672,-1.378022604799411,2.717213189682694,-0.46548370828597097,1.230633122093784,0.44011371630657736,-1.017090945277694,-0.9683165367324441,-0.5326805575498975,211,Testing set,S-type zircon,181203\LA4-13,Lusatian Granitoids,468.3,1.0,30.741935483871,1.0
44,-0.023499168266187268,-0.37129963414756245,0.05020412814325673,0.39541389600503246,-0.5554380875678363,-0.26236664938724596,-0.41132482697538336,0.5452302827489488,-0.6710818704136474,2.0561605785762715,212,Testing set,S-type zircon,181203\LA4-14,Lusatian Granitoids,538.7,1.0,12.0645161290323,1.0
45,1.2721593868623007,0.972227095586502,-1.0799663086274434,1.5985871989805733,-1.0801623140076926,1.025706081327868,0.5708706479169322,-0.38271877360468126,-1.363649277121959,0.1836008201747328,213,Testing set,S-type zircon,181203\LA4-19,Lusatian Granitoids,521.2,1.0,35.6451612903226,1.0
46,0.47090214010922626,0.0642643934046732,0.210239761258398,-0.7196507726980005,-0.3437976364424374,-0.054393534726464826,0.7574895439887795,0.5918308927944423,-1.8985206081371597,1.1473808271791306,214,Testing set,S-type zircon,181203\LA4-21,Lusatian Granitoids,603.745051405509,1.0,17.258064516129,0.0
47,1.018515830020726,0.8792803938531994,-1.392363350994767,2.3495016119009673,-0.5863854313407632,1.1642088187604778,-0.15076956978601008,-0.8585756417751945,-0.9698657570780361,0.4398549882814261,215,Testing set,S-type zircon,181203\LA4-25,Lusatian Granitoids,493.7,1.0,36.4516129032258,1.0
48,0.75752994137885,0.5563430541098391,-1.0936467764941278,2.6233967022342286,0.5279567276854192,0.731129027716325,0.21934476089119592,0.26049651314334576,-1.5174416157086894,-1.2971019243323143,216,Testing set,S-type zircon,181203\LA4-27,Lusatian Granitoids,517.4,1.0,15.8387096774194,1.0
49,1.3226467065154097,1.3813114636028812,-1.5127549741268103,1.9874635539960483,-0.921701931213595,1.4381065507470236,1.0674979034037344,-0.2418431847892792,-1.4811423263770949,-0.6796689446813543,217,Testing set,S-type zircon,181203\LA4-29,Lusatian Granitoids,562.610069875333,1.0,40.0967741935484,1.0
50,0.4642137724594824,0.5115734189837089,-0.23338998018415208,0.09678080763153478,-0.39344045721891485,0.5396464118318157,-0.022386817618442724,-2.0902165884916077,0.14428142820229112,0.36867450576335437,218,Testing set,S-type zircon,16CN01-1,Leucogranite,15.0,1.0,35.6741935483871,1.0
51,0.585760352434937,-0.29945299728800073,-1.7591076367160041,1.2514587905807697,-0.7118638010500855,0.21379501891561448,-0.93586592171374,1.156309452332794,-0.594695142489084,4.445948118807873,219,Testing set,S-type zircon,16CN01-3,Leucogranite,15.0,1.0,18.2287096774194,1.0
52,0.09461879311956688,-0.2793232250678275,0.5616989183827119,-0.13295482438277587,-0.4372948175530038,-0.20543124464446572,-0.6120425523866301,-0.7340926958322902,0.8862502585301438,-0.3753110602589588,220,Testing set,S-type zircon,16CN01-6,Leucogranite,15.0,1.0,18.4625806451613,1.0
53,-0.0016944590929935735,-0.09386746655918608,0.21441858360459812,-0.049806735377175664,-0.028180965436064718,0.07114685082145948,-0.4704760584919088,-0.116768366658919,0.3878316520110341,-0.4685970790358291,221,Testing set,S-type zircon,16CN01-8,Leucogranite,15.0,1.0,12.7222580645161,1.0
54,1.4381115235999078,0.7743966162626489,-1.5171740958714737,-2.5589948505896114,-1.3757930444558288,0.5365215269855944,1.7916515729911564,2.840502902508017,-2.1447152935560916,3.2505382014402877,222,Testing set,S-type zircon,16CN01-9,Leucogranite,15.0,1.0,21.6170967741935,1.0
55,1.0212370959940602,0.8042068367523031,-1.1932228465266854,-1.2172846826943002,-1.2426300043730358,0.6895017982330209,0.9191394838332284,1.1874831692424854,-0.651886981546395,1.6295200859861383,223,Testing set,S-type zircon,16CN01-10,Leucogranite,15.0,1.0,27.7545161290323,1.0
56,-0.32671851079857434,-0.3920119470069383,0.4085355284584857,0.024615755453665997,-0.27597930780279717,-0.2889050082882711,-0.7914777049417543,-0.37648307028127515,0.7828979306237018,0.6473449405523052,224,Testing set,S-type zircon,16CN01-11,Leucogranite,15.0,1.0,11.3,0.0
57,0.2435061535650084,-0.1637790780387813,-0.48934041101564146,1.3112551645542878,0.05016223407264906,0.1996649646789407,-1.2693486934413267,-1.3985366935564305,0.718729210020533,0.7824609574829492,225,Testing set,S-type zircon,16CN01-12,Leucogranite,15.0,1.0,25.7409677419355,1.0
58,0.20368183424203926,-1.031976254713352,-1.1374440206043175,1.6423772408938688,-0.015422455980987257,-0.41402995334275394,-1.6925450877715236,1.7308148494612663,-0.17083625046239448,3.424466024515475,226,Testing set,S-type zircon,16CN02-2,Leucogranite,15.0,1.0,11.7903225806452,1.0
59,1.1889827718382548,1.2071280343399684,-1.0297581887536904,-1.1999716169016004,-4.006918066025453,1.0013339882479966,1.8121561856123172,0.3356503675886973,-0.17222536476364594,3.582571106967743,227,Testing set,S-type zircon,16CN02-3,Leucogranite,15.0,1.0,43.3983870967742,1.0
60,-0.09288052896446178,-0.2927604217113036,0.2717807240259264,0.23325821281705933,-0.05736923864489262,-0.24667428278689044,-0.49884599315845773,0.006456377041655422,0.3184836717914877,0.012778347515328184,228,Testing set,S-type zircon,16CN02-11,Leucogranite,15.0,1.0,10.5661290322581,1.0
61,-0.46432377340391956,-0.07951382457618592,0.3115616721030082,0.360278930557818,-1.0947484032441723,-0.08452461655208988,-0.6038324774791014,-0.5863754575476113,1.6490500534152357,0.40533815222501307,229,Testing set,S-type zircon,16CN02-15,Leucogranite,15.0,1.0,11.4541935483871,1.0
62,0.18154994231277038,-0.1613045431256697,-0.018357232607803153,0.7556773600968409,0.6861513019437981,0.025929352278388784,-0.634187107812769,-1.3685328853604997,0.2662926020271766,-0.6312587186706847,230,Testing set,S-type zircon,16CN02-16,Leucogranite,15.0,1.0,21.0306451612903,1.0
63,0.20651035223793646,0.18733893083154746,-0.1776127415115075,-0.5427762203744381,-1.4606014848844355,0.2282510179433691,-0.4849401807673349,-1.2114147533978157,1.3199620531344445,1.8282292864745695,231,Testing set,S-type zircon,16CN02-17,Leucogranite,15.0,1.0,27.9241935483871,1.0
64,1.1856788333434356,0.7372254456441794,-1.0008660184489988,-5.017472999183922,-2.7190141909594376,0.1927010861357864,2.356350517563967,3.7356881126925,-1.5227774088361634,4.918526928703968,232,Testing set,S-type zircon,16CN02-18,Leucogranite,15.0,1.0,19.5216129032258,1.0
65,0.22749999049910033,-0.07754620262265915,-0.12410255300388759,-0.561939301520211,0.1789932995858747,-0.07391689567996901,-0.11723196122063362,0.0784146225634111,0.023627531338603066,0.2669593340335545,233,Testing set,S-type zircon,16CN02-20,Leucogranite,15.0,1.0,15.5325806451613,1.0
66,0.6039185927694205,-0.06488645564431451,0.6016047534053555,0.6705047672936093,-0.14581750741944266,0.1623228802344873,-0.7028923558448772,0.8723872068448504,-0.6693969051268338,-2.1477123280673664,234,Testing set,S-type zircon,18OHZ18-20,pera-aluminous S-type granite,2490.0,1.0,27.2473531588754,1.0
67,0.6109474916222605,0.09986834506134266,0.4499508208900208,-0.14516671435242318,-0.6142410060726691,-0.02759692933201301,0.16234125880341105,2.150573553814813,-1.492835413822639,-0.9148422506960185,235,Testing set,S-type zircon,18OHZ18-14,pera-aluminous S-type granite,2490.0,1.0,18.1602814351863,1.0
68,0.06689615173011042,-0.44191738751530546,0.8079827710070575,1.4425193372381675,0.22353094181550465,-0.0932785937595922,-1.449319448390166,0.5179386822449313,-0.07793519410114662,-2.061088219040943,236,Testing set,S-type zircon,18OHZ18-02,pera-aluminous S-type granite,2490.0,1.0,20.4862794768515,1.0
69,0.2586191409152295,-0.26601599835673684,0.9287055177376453,0.625721892174223,-0.32512525936372605,-0.008384069866857713,-0.9846757586704358,1.371120401331626,-0.2629334505454948,-2.2668881910235936,237,Testing set,S-type zircon,18OHZ18-08,pera-aluminous S-type granite,2490.0,1.0,17.0835392942495,1.0
70,0.08550368357543903,-0.17567396411682618,0.7371921833125112,0.9387556007928964,0.19589597520454644,0.12075597654327297,-1.1437029358949828,0.4061372261994131,-0.07389740290309797,-2.228785446308523,238,Testing set,S-type zircon,18OHZ18-06,pera-aluminous S-type granite,2490.0,1.0,21.5445703379454,1.0
71,0.12435755484879395,-0.4751495586632569,0.9443378099528339,1.096399591511386,-0.2222787989978496,-0.07484255542118172,-1.443752208146357,0.8539979513244496,0.03730123014248521,-1.9215542548673197,239,Testing set,S-type zircon,18OHZ18-10,pera-aluminous S-type granite,2490.0,1.0,18.3961277347109,1.0
72,-0.06383728268928572,-0.2802080692224054,0.8282600922825746,1.588981634272111,0.22038215380350681,0.1435551530118565,-1.4071086960055705,0.1615835988563554,0.06938508920296584,-2.4446817618489005,240,Testing set,S-type zircon,18OHZ18-07,pera-aluminous S-type granite,2490.0,1.0,19.5762080822577,1.0
73,0.15381767787360867,-0.3059912704447493,0.7928712837380596,0.8102393865730246,0.33676656268866867,0.03225536116404281,-1.2335871887448333,0.8089742843674386,-0.10266481500393486,-2.521523123634757,241,Testing set,S-type zircon,18OHZ18-11,pera-aluminous S-type granite,2490.0,1.0,18.5304041246204,1.0
74,-0.4012772923667477,-0.9494393377815106,-0.040179412260265175,0.9411413142111846,-0.8428314331819855,-0.7441159891860607,-1.4529069342050933,2.367439001652046,0.8670194803013009,1.824348071725422,242,Testing set,S-type zircon,18OHZ18-04,pera-aluminous S-type granite,2490.0,1.0,6.75986465162432,1.0
75,0.1593429576187581,0.39921374570961166,0.39033854888799796,0.572677244170796,0.21830031618944726,0.36440176898113363,0.26945299245028925,0.20706755735465315,-1.2845173405928285,-1.6519101893183619,243,Testing set,I-type zircon,SA56-2,Stentor pluton （TTG),3258.0,0.0,12.14,0.0
76,0.05323938640464971,0.749424740013436,0.1521284990805891,1.2807331511970186,0.6562572108069109,0.7112734789922149,0.6953085999879264,0.03345805442103443,-1.9275540338769994,-2.3092995574463084,244,Testing set,I-type zircon,SA56-3,Stentor pluton （TTG),3258.0,0.0,12.0403225806452,0.0
77,-0.14947884663547015,0.7746720777016148,-0.024610379542443155,1.3858093268524745,1.2868472007243181,0.7372653392849785,0.8298466229695926,0.024150324222695956,-2.1271541507878298,-2.4740717141730837,245,Testing set,I-type zircon,SA56-4,Stentor pluton （TTG),3258.0,0.0,9.77483870967742,0.0
78,-0.20004374358827925,0.8494915418374945,0.09829661522343357,1.9155356726419126,0.6576409307886346,0.8763423549339092,0.5812017118097004,-1.1049248051561587,-1.5907230752809542,-2.0875765008593414,246,Testing set,I-type zircon,SA56-5,Stentor pluton （TTG),3258.0,0.0,14.2603225806452,0.0
79,-0.21003157400947128,0.6514574144623801,0.2937343889490614,0.851709529180961,0.744268690103997,0.6047436394819887,0.645521229233227,0.03342288128454246,-1.7247569919043044,-1.9963218999707142,247,Testing set,I-type zircon,SA56-6,Stentor pluton （TTG),3258.0,0.0,10.5083870967742,0.0
80,-0.3159008652506503,0.7371465164582586,0.142985856087889,1.7108440182368663,0.9253773062869245,0.7757515107621902,0.6772546756229441,-0.22897248670949696,-1.8606467350606417,-2.346298168099433,248,Testing set,I-type zircon,SA56-7,Stentor pluton （TTG),3258.0,0.0,10.9264516129032,0.0
81,-0.10448694838780495,0.523138198119136,0.37513056933899436,0.5648369349717564,0.5176687811231271,0.45554410289203834,0.4730073607878725,-0.1592911671483848,-1.3420374614431219,-1.7054283096100638,249,Testing set,I-type zircon,SA56-8,Stentor pluton （TTG),3258.0,0.0,11.728064516129,0.0
82,-0.23330441641438868,0.7462822768661777,0.19774693087589704,1.506389378811125,1.1004537707707756,0.722450655899716,0.7557351799204006,-0.5597497869742655,-1.8701894958870346,-2.5140507008737862,250,Testing set,I-type zircon,SA56-9,Stentor pluton （TTG),3258.0,0.0,11.8348387096774,0.0
83,-0.498990180108499,0.7793467398958629,0.3908618949211618,1.447928355138765,0.4929422618988047,0.9318412941361423,0.48665270261247695,-0.52628539542251,-1.4688595077368058,-2.162827832407187,251,Testing set,I-type zircon,SA56-11,Stentor pluton （TTG),3258.0,0.0,10.3548387096774,0.0
84,-0.47344652225627326,0.7591251971470645,0.017866865866390854,2.3267104086897006,0.9984090694394456,1.0055261466047931,0.57672258572621,-1.5626318980994585,-1.4377508885088788,-2.1860305830503077,252,Testing set,I-type zircon,SA56-15,Stentor pluton （TTG),3258.0,0.0,14.0254838709677,0.0
85,-0.04304392422549748,0.37054895368949564,0.3300193776039493,0.860034384186019,1.165218532898268,0.44181438973541554,0.24542760946359102,-0.32941227857640926,-1.460682851286254,-2.2794733775953095,253,Testing set,I-type zircon,SA56-16,Stentor pluton （TTG),3258.0,0.0,11.5729032258065,0.0
86,-0.4974136317022618,0.787696958472113,0.07630154434695809,2.1590924557134636,1.4971851950737516,0.9935027811569801,0.6705539675678505,-1.364634213814169,-1.8355559063063447,-2.6560664164422843,254,Testing set,I-type zircon,SA56-17,Stentor pluton （TTG),3258.0,0.0,11.2816129032258,0.0
87,-0.06326352125927251,0.5740233692723189,0.41362272233521324,0.4415736037930913,0.4228772699878579,0.516921999967159,0.6406633819944256,0.5226038965413408,-1.7005336163138736,-1.9143363380289655,255,Testing set,I-type zircon,SA56-18,Stentor pluton （TTG),3258.0,0.0,9.65677419354839,0.0
88,-0.010807158869014748,0.6252051468225795,0.33627010525634493,0.6957204958577675,0.5304232842698318,0.5928281980724918,0.7565540767532711,0.5188784540230676,-1.979523970340005,-2.055315339232101,256,Testing set,I-type zircon,SA56-19,Stentor pluton （TTG),3258.0,0.0,9.64903225806452,0.0
89,-0.06345224190478609,0.400842628640236,0.473649043695202,0.5510209081290085,0.18592021931104605,0.396981882202608,0.21816393100745016,0.1248074283054712,-1.092592833073853,-1.5987457703653656,257,Testing set,I-type zircon,SA56-20,Stentor pluton （TTG),3258.0,0.0,10.7151612903226,0.0
90,0.040927836899111183,0.5665533813898243,0.4308245130484076,0.5714354803271862,0.2055051277809763,0.5254498873714315,0.5027558518165732,0.34767257741396135,-1.5573932461209072,-1.8527208433306164,258,Testing set,I-type zircon,SA56-21,Stentor pluton （TTG),3258.0,0.0,10.8793548387097,0.0
91,-0.023306253099532513,0.6518413185849785,0.46774512643417254,0.5944716674431109,-0.08238087712381367,0.594442790412157,0.3991882529877802,0.2690582796551621,-1.4471155679758545,-1.5860615870684764,259,Testing set,I-type zircon,SA56-22,Stentor pluton （TTG),3258.0,0.0,11.6235483870968,0.0
92,-0.4955262876570064,0.8492200158804043,0.19457168042425568,2.026036875608586,0.6550238920959494,0.9978899460655496,0.6888324847180276,-1.528079105719591,-1.5042547915029958,-1.955755935067532,260,Testing set,I-type zircon,SA56-23,Stentor pluton （TTG),3258.0,0.0,13.7477419354839,0.0
93,-0.054523175752392156,0.607679472264896,0.4088025456305788,0.7410544661646313,0.526649761575751,0.5331174062527588,0.5777180600234457,0.36534482637851734,-1.8848333902227214,-1.9653626846908125,261,Testing set,I-type zircon,SA56-24,Stentor pluton （TTG),3258.0,0.0,10.0512903225806,0.0
94,-0.1816566911453806,0.8265156934523497,-0.00864923544213581,2.136244311873341,1.6877664128079322,1.0010960970295348,0.5460397917555192,-1.072845938010212,-2.08137045016574,-3.1007080249377497,262,Testing set,I-type zircon,SA56-25,Stentor pluton （TTG),3258.0,0.0,13.6712903225806,0.0
95,-0.20274213178274328,0.8248750888150426,0.15899805619761767,1.6414331669991693,1.3672973266862254,0.8010983703422482,0.6671195460150555,-1.2821889499836587,-1.8217814860772328,-2.658872607081327,263,Testing set,I-type zircon,SA56-26,Stentor pluton （TTG),3258.0,0.0,12.9283870967742,0.0
96,-0.14434556514428729,0.9521237847829238,-0.07384816904029289,2.4275440926934033,1.6651584820308956,1.0363319078308093,0.5193014452882246,-1.0991781047570621,-2.0849578490843994,-3.328992483900884,264,Testing set,I-type zircon,SA56-27,Stentor pluton （TTG),3258.0,0.0,13.0258064516129,0.0
97,0.046302482900974426,0.5649436387926993,0.50305351714561,0.4001840555599502,0.09199056890920627,0.4831909558234561,0.5454373706269611,0.43617107132039346,-1.5819768583011116,-1.7493949034775123,265,Testing set,I-type zircon,SA56-28,Stentor pluton （TTG),3258.0,0.0,10.8764516129032,0.0
98,-0.12298445898673575,0.587187461629303,0.38021431574017966,0.7863262604075401,0.6314393639235055,0.5714102036655697,0.549693634595084,0.30480167649062273,-1.8023532838659804,-2.036174118019999,266,Testing set,I-type zircon,SA56-30,Stentor pluton （TTG),3258.0,0.0,10.1187096774194,0.0
99,-0.19813773203368715,0.6885839897930539,0.23291221044025276,1.4539634826313332,0.7647040578017252,0.7194756328015897,0.5365318059513351,-0.47261397178000913,-1.651152668273172,-2.193678251049999,267,Testing set,I-type zircon,SA56-31,Stentor pluton （TTG),3258.0,0.0,12.3303225806452,0.0
100,-0.08428214365700433,0.8313569987510965,0.18865466414076096,1.0821317027937423,1.0718410392484963,0.7190159492327031,0.9470604761330758,-0.1534653919629747,-2.276228082692228,-2.3857933916646923,268,Testing set,I-type zircon,SA56-32,Stentor pluton （TTG),3258.0,0.0,11.2932258064516,0.0
101,0.023743968973547663,0.3762868334567606,0.18998972354157734,1.103878277958119,1.1906437354533277,0.4318895781883745,0.20983365102459298,0.2108545382567413,-1.743773721826687,-2.2380483147605044,269,Testing set,I-type zircon,SA56-33,Stentor pluton （TTG),3258.0,0.0,10.5341935483871,0.0
102,-0.1172893862969997,0.6371030724134459,0.1715195746760122,1.3888186591187008,0.5700640226589099,0.6552837670831754,0.21740393266669775,-1.2571992094993354,-1.038601120030359,-1.6707827362276717,270,Testing set,I-type zircon,SA56-34,Stentor pluton （TTG),3258.0,0.0,15.5251612903226,0.0
103,-0.19873722678787603,0.697588043844224,0.10340123657554538,1.583346556999464,0.7456106273326152,0.8100574349409536,0.609262606488492,-1.5690383741716385,-1.2587353739191707,-1.8641709792581267,271,Testing set,I-type zircon,SA56-35,Stentor pluton （TTG),3258.0,0.0,15.1325806451613,0.0
104,0.26002753272139795,0.7673088484370496,0.3278541371889683,0.572485703124392,-0.11475981618873067,0.6946186600063164,0.847065405222415,0.018895151526826873,-1.8168830378722707,-1.6338169376770415,272,Testing set,I-type zircon,SA56-36,Stentor pluton （TTG),3258.0,0.0,15.2948387096774,0.0
105,-0.3714568222611593,0.9375484923128159,-0.11096710522060926,2.1977561939427357,1.5305067431522996,1.0570602912180551,0.7621966187713674,-1.2831707807709312,-1.9741909058063922,-2.680652709621876,273,Testing set,I-type zircon,SA56-37,Stentor pluton （TTG),3258.0,0.0,11.9548387096774,0.0
106,-0.37669410539435105,0.7598819190630355,0.13359929239619436,1.900128512083922,0.6498078944563753,0.8616918868151816,0.6546512889983636,-0.6691815271152473,-1.670176450150206,-1.987223358521543,274,Testing set,I-type zircon,SA56-38,Stentor pluton （TTG),3258.0,0.0,11.5712903225806,0.0
107,0.048513476208468756,0.526642421714661,0.3860997787958691,0.667319508216741,0.42374314118952405,0.45473428711372743,0.47709401689884956,-0.21026941320533088,-1.417278304393833,-1.8071401373075044,275,Testing set,I-type zircon,SA56-39,Stentor pluton （TTG),3258.0,0.0,12.8287096774194,0.0
108,0.1469318994047642,0.8136696942773984,0.24787303344878994,0.9380257555721606,0.9755309408029008,0.6638432997301084,1.0219295070046133,-0.4558773319726167,-2.2492669076300524,-2.4809535997671985,276,Testing set,I-type zircon,SA56-40,Stentor pluton （TTG),3258.0,0.0,13.7745161290323,0.0
109,-0.16308983778516342,0.6904320106158203,0.37628536543969643,0.7966516755455593,0.6034106452348034,0.6309833528332935,0.7478185829529933,0.23295220887996318,-1.896635477256753,-2.1047510263579556,277,Testing set,I-type zircon,SA56-41,Stentor pluton （TTG),3258.0,0.0,9.1541935483871,0.0
110,-0.2743349569206494,0.7375198818543601,0.2104404653957379,1.7532187288659478,1.397894188272901,0.8824226740927822,0.4895194776785134,-1.576763602376915,-1.711137350766515,-2.5887545522582305,278,Testing set,I-type zircon,SA56-42,Stentor pluton （TTG),3258.0,0.0,14.3145161290323,0.0
111,0.2743033147590826,0.900178349199104,-0.08339516963173224,1.3544702572648377,1.1292204726551947,0.8320651481470753,0.9388375195991522,0.42356100542663416,-2.6476636050745372,-2.7450091467878694,279,Testing set,I-type zircon,SA56-43,Stentor pluton （TTG),3258.0,0.0,10.6641935483871,0.0
112,-0.15971283700569153,0.617147022597851,0.4229782721505683,0.654059576331202,0.5562863393939022,0.5393852822361338,0.6720678118134354,0.4901410454485741,-1.8890128340130221,-1.9759875943258822,280,Testing set,I-type zircon,SA56-44,Stentor pluton （TTG),3258.0,0.0,9.29129032258064,0.0
113,-0.10673398319287357,0.5257849844266559,0.1333888577247062,1.3893198174165045,1.0837782086991543,0.4980298234841933,0.27353007254912043,0.15902704801259576,-1.6238032938015694,-2.3437808879792925,281,Testing set,I-type zircon,SA56-45,Stentor pluton （TTG),3258.0,0.0,9.1341935483871,0.0
114,-0.08884557821153616,0.4688886844207587,0.34680901302235156,0.8956957101251117,1.0558154444079964,0.4835173214542161,0.27456039613043565,-0.14569679493108237,-1.664847124362617,-2.147638783619532,282,Testing set,I-type zircon,SA56-46,Stentor pluton （TTG),3258.0,0.0,10.8506451612903,0.0
115,0.3396855071375217,0.8083794089704475,-0.017321727091829678,1.5189521623155036,1.197258107970192,0.8292991393829483,0.5841099188040715,-0.625090522858581,-2.1270400409218304,-2.8030295613190077,283,Testing set,I-type zircon,SA56-47,Stentor pluton （TTG),3258.0,0.0,16.8025806451613,0.0
116,-0.1252730939310373,0.6690570229274053,0.3359777209957568,1.0645657626808955,0.5720110156523223,0.6642436524926618,0.6633727520220593,0.0782389316119704,-1.7955593839152062,-2.1957056348356883,284,Testing set,I-type zircon,SA56-49,Stentor pluton （TTG),3258.0,0.0,10.6974193548387,0.0
117,-0.025329883030291867,0.699335191140137,0.3464532997755835,1.024343681419728,0.2848788039285488,0.6511329132685705,0.6738620170838032,-0.29156721458980295,-1.8549703214857212,-1.6114628437215952,285,Testing set,I-type zircon,SA56-50,Stentor pluton （TTG),3258.0,0.0,12.9722580645161,0.0
118,-0.08473473148720578,0.5074351424623937,0.39929673949872796,0.7533348320478751,0.5012132312914733,0.5029016133091376,0.4833345925320026,0.565303817990215,-1.7114203478518923,-1.9933003455277016,286,Testing set,I-type zircon,SA56-51,Stentor pluton （TTG),3258.0,0.0,10.3174193548387,0.0
119,-0.319308143805644,0.8448999603319017,-0.048156197185253755,2.5326334378463398,1.88673517952145,1.038021268678338,0.5933288761737677,-1.6950387832127494,-2.052944421994588,-3.085853609818528,287,Testing set,I-type zircon,SA56-53,Stentor pluton （TTG),3258.0,0.0,13.7725806451613,0.0
120,-0.3918089421103705,0.9438161465825372,-0.2398934750149239,2.6987221860596065,1.862359994115833,1.1338758733375314,0.69127063454559,-1.432935910745946,-2.0790143111283013,-3.0203957435893214,288,Testing set,I-type zircon,SA56-54,Stentor pluton （TTG),3258.0,0.0,12.1390322580645,0.0
121,0.2846306373670049,0.659126465782969,0.256698509178015,0.8667739737053648,0.11471151166730457,0.6551505459538988,0.48511481951332613,0.35348023453591454,-1.7523746427357427,-1.9198915252259077,289,Testing set,I-type zircon,SA56-55,Stentor pluton （TTG),3258.0,0.0,14.0938709677419,0.0
122,0.07104375359838669,0.5561852421849287,0.2798702194905279,0.8936718658366255,0.6570436672932884,0.5602455165855013,0.5768210367157277,0.08134475759300032,-1.763718335652275,-2.11188596951677,290,Testing set,I-type zircon,SA56-56,Stentor pluton （TTG),3258.0,0.0,12.311935483871,0.0
123,-0.5426400626973833,0.1140168749929658,0.6326482966387418,1.0107292042260452,2.050287712464602,0.09457881981461792,-0.09463333968970085,-0.997107281769671,-1.3761683386590386,-2.315419520785264,291,Testing set,I-type zircon,SA32-1,Badplaas pluton (TTG),3270.0,0.0,10.4212903225806,0.0
124,-0.4808490133315851,0.18380557162471592,0.12027212074015264,0.9056803519730994,1.7795618148948582,0.10072004284821638,0.004215306661917804,-0.7561384476801859,-1.243928767181132,-1.1229956855126049,292,Testing set,I-type zircon,SA32-5,Badplaas pluton (TTG),3270.0,0.0,11.488064516129,0.0
125,-0.5153504810336048,0.32715326698732206,0.45328791617759945,1.269081249601378,2.305902812932541,0.5257607244264596,0.08529377522215358,-2.627882920089141,-1.2190769206024141,-2.494204579203878,293,Testing set,I-type zircon,SA32-7,Badplaas pluton (TTG),3270.0,0.0,16.4377419354839,0.0
126,-0.4284636242921222,0.3316850641408329,0.17796294515674277,0.06215486922979384,1.5756824569431327,0.17654807831688152,0.3417690025251237,-0.658215683128658,-1.2425171740215977,-1.0073437519229516,294,Testing set,I-type zircon,SA32-8,Badplaas pluton (TTG),3270.0,0.0,10.8074193548387,0.0
127,-0.20092373244534936,0.1736418418756592,-0.08807897150149474,1.100426887285313,1.937282232278769,0.14444524884444793,0.26196751494362824,-0.23066415841864854,-1.621022844909864,-1.6117674766746763,295,Testing set,I-type zircon,SA32-12,Badplaas pluton (TTG),3270.0,0.0,10.5748387096774,0.0
128,-0.3242128179483379,0.3031683699056574,0.26730019906562624,0.23040718174433525,1.5571703004960449,0.20671685388840363,0.05690209934912357,-0.9997006881194803,-1.4182460259668457,-0.8156534920029658,296,Testing set,I-type zircon,SA32-13,Badplaas pluton (TTG),3270.0,0.0,14.1448387096774,0.0
129,-0.2692403729152749,0.1767635469643502,0.12568034820185134,0.09767957618463968,1.506818371432442,0.008594661587557825,0.29249354826034685,-0.10223053201609271,-1.2918769300410682,-0.9732342403606334,297,Testing set,I-type zircon,SA32-14,Badplaas pluton (TTG),3270.0,0.0,9.86129032258065,0.0
130,-0.3396210200192969,0.45368209562992157,-0.0343176953970577,1.4994687903594532,2.3098736967686007,0.6041762981658081,0.013604535986096948,-2.359817909155303,-1.3494407309668315,-1.9358958340360441,298,Testing set,I-type zircon,SA32-18,Badplaas pluton (TTG),3270.0,0.0,16.1116129032258,0.0
131,-0.36692609156410344,0.4097196350522962,0.055351954827882265,1.8843408129381374,2.347746018550062,0.6240304091521225,-0.0901577679535684,-2.537894101582513,-1.3507344991979364,-2.2350385478752117,299,Testing set,I-type zircon,SA32-19,Badplaas pluton (TTG),3270.0,0.0,16.8777419354839,0.0
132,-0.7233427004875991,0.2676202619425719,0.7187808157875176,0.6150182164915086,1.9729614221300995,0.4067192343959984,0.1320155071859589,-1.9872731469954783,-1.1309415868893233,-2.170655770525253,300,Testing set,I-type zircon,SA32-20,Badplaas pluton (TTG),3270.0,0.0,12.7945161290323,0.0
133,-0.3867557164340196,-0.24564502225825421,-0.0018606187694179812,-0.12494716745254043,1.1749539142369143,-0.3175897664407446,0.290967888650292,3.029568586155012,-1.6840198203952634,-0.5434385756098971,301,Testing set,I-type zircon,SA32-21,Badplaas pluton (TTG),3270.0,0.0,4.42064516129032,0.0
134,-0.46965403223521407,0.07854739803835563,0.16923647264172167,2.5730264423398754,2.600637802538743,0.37650916804135454,-0.15359567230927942,-2.540862147625941,-1.4941098898303897,-2.35364241231088,302,Testing set,I-type zircon,SA32-24,Badplaas pluton (TTG),3270.0,0.0,16.6509677419355,0.0
135,-0.6334843063958746,0.051703303141595755,-0.23896272042895636,1.8422024114414508,2.0420352087493447,0.17446974314519817,-0.4051246421980367,-0.4847397290905759,-1.3922588438915473,-0.6618768930373773,303,Testing set,I-type zircon,SA32-29,Badplaas pluton (TTG),3270.0,0.0,9.81774193548387,0.0
136,-0.49605731280013465,0.1943525905848514,0.20037706096489824,0.37433136397038386,1.544141254485367,0.05670428617248102,0.08305356473130483,-0.8103787232273396,-0.9901292942974186,-0.8411803329740596,304,Testing set,I-type zircon,SA32-30,Badplaas pluton (TTG),3270.0,0.0,10.2051612903226,0.0
137,-0.4481780732674187,0.2856591790460832,0.05761519880594517,1.083991105385283,1.9236265439881348,0.2774692134125226,0.02427914489560208,-1.4099136112671085,-1.0537193392377753,-1.523945425239793,305,Testing set,I-type zircon,SA32-31,Badplaas pluton (TTG),3270.0,0.0,11.7535483870968,0.0
138,-0.6765534673686988,0.16890148018182283,0.2321460506528633,0.4800770580510029,1.6661736328977221,0.07172741356953508,-0.07080458665773086,-1.1122852319113248,-0.9011504497154068,-0.6434303611853998,306,Testing set,I-type zircon,SA32-32,Badplaas pluton (TTG),3270.0,0.0,10.0538709677419,0.0
139,-0.24884634421432708,0.22516971131817864,-0.03237390871495655,0.46556525737315924,1.6397847791452689,0.1270487836474795,0.37374542711143754,0.08557651399406026,-1.4929229107804265,-1.2341528792625034,307,Testing set,I-type zircon,SA32-33,Badplaas pluton (TTG),3270.0,0.0,9.64903225806452,0.0
140,-0.6032642522919247,0.19426289225062937,0.311495910313449,0.4582309106607842,1.8191199537551865,0.11499622746445025,0.05887069497798947,-0.30232276725477436,-1.3570674838549401,-1.3558427038018903,308,Testing set,I-type zircon,SA32-34,Badplaas pluton (TTG),3270.0,0.0,8.10483870967742,0.0
141,-0.36457457958485195,0.08641224214633811,0.054271375811609235,0.38514649747566465,1.697236405830765,0.02237239410398436,0.08505876738460266,0.39882977272084336,-1.2893458504653235,-1.2339668671273865,309,Testing set,I-type zircon,SA32-35,Badplaas pluton (TTG),3270.0,0.0,8.23258064516129,0.0
142,-0.715391053425585,0.20933895682679518,0.22821687483394756,-0.07764884767605132,1.5215026971576233,0.06676974771789293,0.24062520702530782,-0.4987469253847334,-0.9887952403413823,-0.5246402453633053,310,Testing set,I-type zircon,SA32-36,Badplaas pluton (TTG),3270.0,0.0,8.73903225806452,0.0
143,-0.7346278322081295,0.25378860551989885,0.5699818220993351,1.7316161132786736,2.4650716018112435,0.4557842755595087,-0.1496367492172066,-2.4781371832226515,-1.2637139886623634,-2.692538695592999,311,Testing set,I-type zircon,SA32-37,Badplaas pluton (TTG),3270.0,0.0,12.2206451612903,0.0
144,-0.40935578068508943,0.1586687448170366,-0.030650869403549108,0.45339872171161205,1.6530574658871064,0.002774660764888543,0.3486376158658856,-0.5418011779811284,-1.1552818827660964,-0.7244631534800572,312,Testing set,I-type zircon,SA32-38,Badplaas pluton (TTG),3270.0,0.0,10.6977419354839,0.0
145,-0.3566533907751692,0.00295756544108891,0.17702435681879486,0.24101373565190776,1.5496738097115494,-0.02201416897893882,-0.15242400217017876,-0.9987438278675971,-0.6668386504676203,-0.7096214320138211,313,Testing set,I-type zircon,SA32-40,Badplaas pluton (TTG),3270.0,0.0,11.1751612903226,0.0
146,-0.7854927690043371,0.2703262487263609,0.7739117715892501,0.19784375563062412,1.81808182697872,0.2660025084561448,0.19150114095246545,-1.2958561716630186,-1.2473934632924866,-1.8490153873177138,314,Testing set,I-type zircon,SA32-41,Badplaas pluton (TTG),3270.0,0.0,9.96870967741935,0.0
147,-0.32919859310824157,0.062350511462419836,0.05695890435767992,-0.0519041629070183,1.450639470544491,-0.11042347423093099,0.39081549432515733,0.9497062710703612,-1.4706674397697288,-0.79697654915914,315,Testing set,I-type zircon,SA32-45,Badplaas pluton (TTG),3270.0,0.0,7.17903225806452,0.0
148,-0.38267320871405236,0.41683745775164327,0.08780718574986342,1.297940384440565,2.122450700230855,0.412471070385561,0.3859487308062019,-1.3694335478492137,-1.571302130604717,-2.163857469963609,316,Testing set,I-type zircon,SA32-46,Badplaas pluton (TTG),3270.0,0.0,12.1054838709677,0.0
149,-0.6330328140929976,0.1427672464075411,0.19069465985943068,0.5629896931691815,1.7080355923254231,0.10983539757700844,-0.0795834280719822,-1.0529410232678165,-0.7552832336861927,-0.9843552876354358,317,Testing set,I-type zircon,SA32-48,Badplaas pluton (TTG),3270.0,0.0,10.4645161290323,0.0
150,-0.823274131378667,0.150909177771528,0.2656195205342188,-0.19650786582024085,1.3905943124613767,-0.020692437517295104,0.24512254832764946,0.1093683050866516,-1.0135485504166242,-0.3571571833077344,318,Testing set,I-type zircon,SA32-49,Badplaas pluton (TTG),3270.0,0.0,7.1341935483871,0.0
151,-0.6107303073771463,0.23786998743195756,0.18296546692988558,-0.18798301182791563,1.3980602580894477,0.05076734500545914,0.29835740148929824,-0.06804097242763366,-1.1085022902813069,-0.5197732439856168,319,Testing set,I-type zircon,SA32-50,Badplaas pluton (TTG),3270.0,0.0,7.68322580645161,0.0
152,-0.43795696352169433,0.34170685053235533,-0.014305945506751024,0.9574072770093485,1.8404217063884518,0.14482668854865427,0.2572047806778634,-1.2726802279434712,-1.1131547352316125,-1.2471893028221677,320,Testing set,I-type zircon,SA32-53,Badplaas pluton (TTG),3270.0,0.0,12.18,0.0
153,-0.3403133259862427,0.19418160123219633,0.08514138952649959,0.2363354688848951,1.5931422286349282,-0.039274241065981826,0.3006514996226823,0.32177315549993074,-1.4051680423765722,-1.1023204290772783,321,Testing set,I-type zircon,SA32-54,Badplaas pluton (TTG),3270.0,0.0,8.71677419354839,0.0
154,-0.494259854276337,0.3741905518632497,0.16139759743115425,0.03787497484223961,1.5844526260239027,0.1440485334844726,0.4381256103820839,-0.21818090889702815,-1.398518528907769,-1.0373426690694367,322,Testing set,I-type zircon,SA32-55,Badplaas pluton (TTG),3270.0,0.0,8.83935483870968,0.0
155,-0.22730664071521328,0.03539310015067458,-0.028739225571600305,-0.2760559792069221,1.3237237050222073,-0.1953162882967175,0.5355702217809027,1.9175459952877045,-1.6254271256925705,-0.8453933019690205,323,Testing set,I-type zircon,SA32-56,Badplaas pluton (TTG),3270.0,0.0,6.21451612903226,0.0
156,-0.665114626627329,0.39933829024166595,0.15498481145379592,0.032769247797401264,1.4850516658023893,0.1519228938775232,0.36407780487094865,-0.32048412392102066,-1.1789115622596003,-0.7536767004279957,324,Testing set,I-type zircon,SA32-57,Badplaas pluton (TTG),3270.0,0.0,8.58193548387097,0.0
157,-0.34590970665487264,0.025610210693437444,-0.05887141291240017,-0.0924460946592101,1.431870679208004,-0.2176375237974062,0.5429550329353102,1.4665569728437862,-1.5133112698544933,-0.6718334922008732,325,Testing set,I-type zircon,SA32-58,Badplaas pluton (TTG),3270.0,0.0,6.66258064516129,0.0
158,-0.5446673195185496,0.3070237132568035,0.20157899029562734,-0.018209614167258362,1.4348257630537873,0.12085181147837225,0.40797135310468496,-0.08625022621086652,-1.2982145945460963,-0.8682011906756417,326,Testing set,I-type zircon,SA32-60,Badplaas pluton (TTG),3270.0,0.0,8.47161290322581,0.0
159,-0.4135201368244086,0.6324133066429188,-0.29705567194237725,-0.22549241338255532,-0.35540963326475994,0.5390493412371977,0.3318114725976475,1.538104940860418,-0.6131509682799222,0.2853629787238626,327,Testing set,I-type zircon,m1093--37-1.DAT,Acasta Gneiss Complex (TTG),4020.0,0.0,4.63741935483871,0.0
160,-0.326705957560781,0.6534387372492395,-0.310287760417824,-0.29768143987837475,-0.2969146967301431,0.5205218829380813,0.27149384962223416,1.5075565442229588,-0.6727315323425241,0.2810863689750198,328,Testing set,I-type zircon,m1093--37-2.DAT,Acasta Gneiss Complex (TTG),4020.0,0.0,5.02,0.0
161,-1.211217301140034,1.2135742997164987,-0.986500609177812,2.0891587869071166,0.9469389384877237,1.2091503817041571,0.6115313676936686,-1.8338945747612283,-0.29694367101391717,-0.15731758752392958,329,Testing set,I-type zircon,m1093-33-1.DAT,Acasta Gneiss Complex (TTG),4020.0,0.0,7.03129032258065,0.0
162,-1.169865883224182,1.2015704682071848,-0.9295254536980024,2.0780214351373707,0.8485200973164647,1.2348530689426735,0.557354776886841,-1.4805803457241864,-0.42514790327407403,-0.2638094042887503,330,Testing set,I-type zircon,m1093-34-1.DAT,Acasta Gneiss Complex (TTG),4020.0,0.0,6.50903225806452,0.0
163,-0.482965292014502,0.6771612235489546,-0.19436642547509558,-0.012170209144150321,-0.5796339166120273,0.5220851896155072,0.4182686325172855,1.9818932823198083,-0.8635272201886559,0.24347129295110764,331,Testing set,I-type zircon,m1093-34-2.DAT,Acasta Gneiss Complex (TTG),4020.0,0.0,4.06483870967742,0.0
164,-1.2769457699878195,1.092564462605184,-0.8894672296042647,2.114128422663143,1.0108476198736531,1.0966441319697335,0.5028395677061881,-0.6253289442027625,-0.6584551985323477,-0.41176399198221963,332,Testing set,I-type zircon,m1093-35-1.DAT,Acasta Gneiss Complex (TTG),4020.0,0.0,4.76677419354839,0.0
165,-0.4776491680809015,0.5932988152489145,-0.4166310543278925,0.3098649511697731,-0.09180434035880386,0.4420693541512468,0.2961959565411091,1.280218012428189,-0.64380385345089,0.2903183430647766,333,Testing set,I-type zircon,m1093-36-1.DAT,Acasta Gneiss Complex (TTG),4020.0,0.0,4.99064516129032,0.0
166,-0.5541309365118785,0.6663770091312711,-0.4378304585198631,0.7504315005150761,-0.15461875312329226,0.5341424731356009,0.39272369408892027,0.07674385317747535,-0.29236126812977425,0.33693755916385537,334,Testing set,I-type zircon,m1093-39-1.DAT,Acasta Gneiss Complex (TTG),4020.0,0.0,6.60774193548387,0.0
167,-0.9150448035636084,-0.6380747685256857,-0.8413460077816022,-3.571818154610681,-0.30734563459229625,-1.3963722675770764,0.6543227482701961,4.101535427749219,-0.06158548495016772,6.092663870239074,335,Testing set,I-type zircon,m1093-47-1.DAT,Acasta Gneiss Complex (TTG),4020.0,0.0,1.89032258064516,0.0
168,-0.47925120875994387,0.513929625058717,-0.381783320886885,0.14207625429428536,-0.07295180171439913,0.42712968481709224,0.20682967609535607,1.4949096586736739,-0.6518730437889372,0.3494836849584416,336,Testing set,I-type zircon,m1093-51-2.DAT,Acasta Gneiss Complex (TTG),4020.0,0.0,4.91741935483871,0.0
169,-1.1628916674305594,1.2708068919620699,-0.9835015914538697,2.1297757932525747,0.8399755397210126,1.2967994100915885,0.5691231857668516,-2.022976600937153,-0.2774636738520767,-0.14413618251398302,337,Testing set,I-type zircon,m1093-87-1.DAT,Acasta Gneiss Complex (TTG),4020.0,0.0,7.26709677419355,0.0
