,P,Y,Ce,Sm,Eu,Dy,Lu,Hf,Th,U,No,Set,zircon,Sample ID,Rock type,Age(Ma),REE+Y,p,label,pred_type
0,0.7150156246977598,0.25687572039348167,0.09592140972678888,-0.9028236544836841,-1.6347287894256446,0.06638249238373899,0.9619581947694181,0.33194754243131414,-1.0243620726654226,1.6643353528456666,80,Testing set,S-type zircon,181203\LA3-01,Lusatian Granitoids,548.9,16.572169304458765,18.2903225806452,1.0,1.0
1,1.4416819858682397,1.276838744346372,-1.4397291815030682,2.8627604744516377,-1.0771014277274757,1.4179369506962949,0.7806144464216582,0.14905470743747196,-1.3185316091798516,-1.6090694386967495,81,Testing set,S-type zircon,181203\LA3-03,Lusatian Granitoids,547.5,27.221315137947744,34.0322580645161,1.0,1.0
2,1.5842757609211904,1.84612100464141,-1.6806912953226405,1.3581265657801906,-2.632424148395891,1.7654477169833518,1.8658099964295598,-0.571483108886359,-1.0604651842278876,0.5180390083417387,82,Testing set,S-type zircon,181203\LA3-05,Lusatian Granitoids,540.741113439166,56.00447754751485,57.7741935483871,1.0,1.0
3,0.8378226054273882,0.5566458359046677,-0.6175452705106447,0.16977276389406887,-1.8777955621992994,0.5429338927644981,0.24936987108483447,0.6410511360213156,0.07351002233258835,0.8555630314712102,83,Testing set,S-type zircon,181203\LA3-06,Lusatian Granitoids,513.8,18.540180821633097,20.4516129032258,1.0,1.0
4,1.1876021023082386,1.2362405195048836,-1.4053228598775422,2.883530585833101,-1.308954487597553,1.4069331951501092,0.7925883229225987,-0.7292426567164589,-0.9696253604002985,-0.7028042972790459,84,Testing set,S-type zircon,181203\LA3-07,Lusatian Granitoids,579.269580531134,35.3880184863768,36.7741935483871,1.0,1.0
5,1.339926227533712,1.0342421695509,-1.2889979010064303,2.2245521258836516,-1.8349815785724313,1.1703908454775491,0.6467096871792203,1.325829336981983,-0.9498567028037218,-0.7514440760748808,85,Testing set,S-type zircon,181203\LA3-08,Lusatian Granitoids,552.633955439594,15.116166417098771,19.6129032258065,1.0,1.0
6,1.2725790163603505,1.5597936112137563,-1.5291567998263889,-0.02473547078506946,-2.859617020222305,1.3679249776034128,1.8242349939352254,-0.874148758458281,-0.26279879615695784,2.115257280937145,86,Testing set,S-type zircon,181203\LA3-09,Lusatian Granitoids,461.7,53.96451519159953,49.4838709677419,1.0,1.0
7,1.7123560783663714,1.6497880829940068,-1.7674923225826993,1.8505878118010715,-1.8170286897906591,1.6181810103692282,1.7618362044172335,1.1488464129450688,-1.916520235074316,-0.7249897868798009,87,Testing set,S-type zircon,181203\LA3-12,Lusatian Granitoids,561.788063313634,27.362610996435773,34.5806451612903,1.0,1.0
8,0.91197651520295,1.2511460053466537,-1.3235140482054049,2.9996747310437333,-1.4832493882616955,1.4348548126359721,0.6069982814869388,-0.5382387782337489,-0.44397891889696445,-0.9594776847597347,88,Testing set,S-type zircon,181203\LA3-13,Lusatian Granitoids,483.5,33.85320323254661,28.1290322580645,1.0,1.0
9,1.2172360188132625,1.3818461351253377,-1.5601994986730958,2.8026292878316763,-1.740209330317502,1.4997159571803387,1.04378863457732,-0.3636180056839479,-0.8337778327272899,-0.5478115217116091,89,Testing set,S-type zircon,181203\LA3-14,Lusatian Granitoids,508.6,37.501915376908265,36.8709677419355,1.0,1.0
10,1.546672695522252,1.5497549413472413,-1.7070113219768996,1.404376588827046,-1.5999018148637107,1.429520458636262,1.6424265888230616,0.7937955157974081,-1.7199891207001885,-0.14657177215821535,90,Testing set,S-type zircon,181203\LA3-15,Lusatian Granitoids,573.50445791533,29.501601603546273,34.258064516129,1.0,1.0
11,1.5987294352850425,1.8358277972000903,-1.8046866533187111,0.4083601047705378,-3.1443373122888936,1.641635350262456,2.2090662190109165,-0.4445993963608572,-0.684014756071981,1.6336030781031199,91,Testing set,S-type zircon,181203\LA3-16,Lusatian Granitoids,500.56783758717,50.926468578153624,52.5806451612903,1.0,1.0
12,0.5669281473139655,1.0297094728736715,-1.0411958977579963,3.5272677200141214,-1.112431305560346,1.3057022126027285,0.15715813374934318,-0.7410521683037301,-0.317095320677848,-1.2966699316832917,92,Testing set,S-type zircon,181203\LA3-20,Lusatian Granitoids,484.3,28.3517217760557,20.1290322580645,1.0,1.0
13,0.8307584105634895,0.7018929880835376,-0.8309801470701562,1.3992946441520948,-0.2567132983487281,0.8274397423501184,0.4817700475815568,0.08654023889539254,-1.1237934725301473,-0.8239456683767147,93,Testing set,S-type zircon,181203\LA3-21,Lusatian Granitoids,605.0,21.775975796415707,22.0322580645161,1.0,1.0
14,1.0956256096642256,1.2362539607692287,-1.1736017943420733,0.6854128038319713,-1.9878291118449025,1.1547695473452428,1.1126548921387536,-0.1700096117110265,-0.5593052864463492,0.7375476651441466,94,Testing set,S-type zircon,181203\LA3-22,Lusatian Granitoids,542.456502294398,31.281105619604766,29.8709677419355,1.0,1.0
15,1.2870563080249393,1.3292470312422444,-1.1464852300928878,2.372576541474944,-1.7641772037349566,1.3888021534394601,1.012758765163242,-1.0545471677975267,-0.8024426596184218,-0.6945189455004723,95,Testing set,S-type zircon,181203\LA3-25,Lusatian Granitoids,526.6,40.519909413546785,43.3548387096774,1.0,1.0
16,1.289894410364927,1.456729938620701,-1.4330097274974276,1.5951166071763163,-2.0681778908885033,1.4342758489762517,1.2994109715331492,0.0987588358296641,-0.9240599215877617,0.020367013956617296,96,Testing set,S-type zircon,181203\LA3-26,Lusatian Granitoids,527.907873077496,35.30295216994322,35.3548387096774,1.0,1.0
17,0.7885699597963829,0.933123397402874,-1.1159324232260777,3.420105592281032,-0.5656354821654364,1.2250370151603887,0.06697089269845048,-0.2968768380318574,-0.7790605713986621,-1.6842518429138453,97,Testing set,S-type zircon,181203\LA3-28,Lusatian Granitoids,509.0,25.16662977830068,22.3870967741935,1.0,1.0
18,0.8897146261264719,1.110013753876508,-1.2588325155542446,3.1933026495733303,-1.0753726456299042,1.344681736934168,0.38963898034060385,-0.5546625715366228,-0.5121052533972236,-1.3160799998443435,98,Testing set,S-type zircon,181203\LA3-29,Lusatian Granitoids,491.8,31.937599473259063,28.0967741935484,1.0,1.0
19,0.7150636425676788,0.6968150574748205,-0.7752404881443758,2.2118018559776855,-0.7763104347211711,0.839796720380941,0.2820226149125229,0.9660199862208251,-1.2294925958692848,-0.8977943955550923,99,Testing set,S-type zircon,181203\LA3-30,Lusatian Granitoids,605.135589679925,14.890527830646427,13.9032258064516,1.0,1.0
20,1.8491440376168682,2.0951896560423435,-2.1588116495824825,1.2856901034496226,-2.4818561948463933,1.8781793407418303,2.527294835021324,-0.26246687612283437,-1.564147941636052,0.5582926162154147,100,Testing set,S-type zircon,181203\LA3-32,Lusatian Granitoids,506.9,57.9865215406717,64.1935483870968,1.0,1.0
21,1.4875100191872501,1.2916617640175307,-1.4300540312279264,2.9983318390985882,-1.3580919093296522,1.3807163927476918,0.7630133281951308,-0.5765169434465242,-1.7192795948959423,-0.3112801473686009,101,Testing set,S-type zircon,181203\LA3-33,Lusatian Granitoids,593.5,35.119469072371196,45.4838709677419,1.0,1.0
22,1.1447523043933259,1.238520060667187,-1.2824673925462007,2.4930356732275496,-1.5996509196111015,1.244535523607463,1.0822334551632857,-1.459288035531875,-0.5866144998382826,-0.22801483943121598,102,Testing set,S-type zircon,181203\LA3-35,Lusatian Granitoids,554.4,46.857783874078805,46.4516129032258,1.0,1.0
23,1.6591534938056212,1.867504975896605,-1.9574758713844567,0.841941168066962,-3.375715366170615,1.6927667816369938,2.5798776308873044,-0.02640554462449432,-1.0932956255709663,1.7721621927663935,103,Testing set,S-type zircon,181203\LA3-36,Lusatian Granitoids,490.1,52.65830846420437,55.0322580645161,1.0,1.0
24,1.220940243493975,1.2547006936391458,-1.6324087918183454,1.4374087331856698,-1.0638797110166016,1.1376509978377798,1.3511954069205734,-0.014859214397271987,-1.3790656824861185,0.4277103536833628,104,Testing set,S-type zircon,181203\LA3-37,Lusatian Granitoids,528.397096901296,35.055678232966265,36.2258064516129,1.0,1.0
25,1.440335715979629,1.40186769825285,-1.4285131336284804,1.6601982690536958,-2.262911105870855,1.3557503182402626,1.4417750989217184,0.43147074978870037,-1.1539896569574148,0.10386090164410754,105,Testing set,S-type zircon,181203\LA3-38,Lusatian Granitoids,562.2,31.033738912216286,35.6774193548387,1.0,1.0
26,0.8445169407661026,1.0621712924063298,-1.4362231760085822,3.3296758421901615,-0.6047181005546416,1.273369794444738,0.4838434489235766,0.6216050184713501,-1.179680554993457,-1.5087419678068539,106,Testing set,S-type zircon,181203\LA3-39,Lusatian Granitoids,498.0,20.17024220375573,17.4193548387097,1.0,1.0
27,1.4544065573396099,1.4254700746256195,-1.4036175073433361,2.577923106069702,-1.9738620185485114,1.4281864413000485,1.1145956142974578,0.34126368077060043,-1.1726349694295675,-0.8948841511255031,107,Testing set,S-type zircon,181203\LA3-40,Lusatian Granitoids,567.444375775424,29.610939807037898,34.5806451612903,1.0,1.0
28,1.177501969500498,1.0360007556946866,-1.3309968842653508,3.1737321421609628,-0.8484140524388925,1.1788344774484911,0.6004430680956794,0.06090181291965697,-1.286663217730502,-1.2843688320717146,108,Testing set,S-type zircon,181203\LA3-45,Lusatian Granitoids,576.0,25.032281838624655,28.4838709677419,1.0,1.0
29,1.1705458642511917,1.1223271761689715,-1.1947223377936247,3.451655159822324,-1.1074278606928243,1.2930420344111546,0.5782447332517002,-0.4189160065578703,-0.9667478149847699,-1.7334245763919847,109,Testing set,S-type zircon,181203\LA3-46,Lusatian Granitoids,513.847138307102,27.779639170731755,30.3548387096774,1.0,1.0
30,1.565178035215962,1.4802446734037549,-1.6302125387272401,1.3967329518823277,-2.055872864070255,1.3281614537625623,1.770139785919019,0.5517822398933715,-1.5687594677631715,0.405638134029582,110,Testing set,S-type zircon,181203\LA3-49,Lusatian Granitoids,557.605770330472,31.443097704317452,38.0645161290323,1.0,1.0
31,0.8155835069162063,0.7045557497202383,-0.6643705363258468,2.2505077923639587,-0.7870735849899444,0.8719230394114599,0.2350072320806145,-0.22455444535143806,-0.9672683087829431,-0.891866300908181,111,Testing set,S-type zircon,181203\LA3-50,Lusatian Granitoids,587.841429151932,23.11981179418946,23.3225806451613,1.0,1.0
32,1.3172190600424236,1.3054917991407422,-1.3796765708349068,2.6766283213710573,-1.7130751086499425,1.4027673211146956,0.9807651842613969,0.7913958725620844,-1.235910478327033,-1.1487451376604811,112,Testing set,S-type zircon,181203\LA3-51,Lusatian Granitoids,574.0,25.4911713437189,28.2903225806452,1.0,1.0
33,1.1615814141052536,1.5333146779880724,-1.5913246164541353,1.5781008630103608,-1.782019837359698,1.4989877131148819,1.3736655188068068,-0.9530324709039497,-0.7901381192014014,0.5448675741718428,113,Testing set,S-type zircon,181203\LA3-52,Lusatian Granitoids,533.5,52.69371750502545,45.7096774193548,1.0,1.0
34,1.0017704562371765,0.9948761983147636,-1.1465012402009087,2.9437620727600313,-1.0268086267604757,1.1947697017535583,0.288061551354601,0.9577779575445007,-1.0301759408070903,-1.6581360196145798,114,Testing set,S-type zircon,181203\LA3-53,Lusatian Granitoids,553.826084444032,18.097807632619947,18.4838709677419,1.0,1.0
35,1.0603390670424497,1.3519531934319606,-1.2913103890576045,3.091759731877095,-1.5508794280746,1.4991131981002417,0.5571600875101096,-1.4454372178634305,-0.5125219049122784,-0.6971582302152536,115,Testing set,S-type zircon,181203\LA3-54,Lusatian Granitoids,561.17050176776,50.561632424683296,45.4838709677419,1.0,1.0
36,1.41754991766274,1.6615579303903478,-1.6136675948528307,0.8118441012773833,-1.919909816028554,1.4897074749304928,1.6903543097274987,-0.880808992584642,-0.8572556003525805,0.597114358117259,116,Testing set,S-type zircon,181203\LA3-58,Lusatian Granitoids,532.6,54.71764179728883,54.4838709677419,1.0,1.0
37,1.3566203666841954,1.4048241250709146,-1.4775272681398068,2.068214388513724,-1.7754628346806918,1.5211199908096795,1.0334325469563463,-0.5431112266914314,-0.9669117557383684,-0.1243824194220962,117,Testing set,S-type zircon,181203\LA4-03,Lusatian Granitoids,497.0,39.12834600446511,42.5806451612903,1.0,1.0
38,1.3177284695061302,1.291964296721592,-1.3457137281049258,1.6506958355151577,-1.1671843177211385,1.3172865687946438,1.0289703057139012,-0.6765083061346411,-1.2463722539925337,-0.17868294143381652,118,Testing set,S-type zircon,181203\LA4-05,Lusatian Granitoids,514.968507076995,39.4911191251085,44.0967741935484,1.0,1.0
39,1.186287945487678,1.0769135930573535,-1.5555994721189768,2.2814430062582263,-0.6686826436534076,1.1718002690665315,0.754628010123429,0.16268896624238324,-1.6127416331179256,-0.13000775297941677,119,Testing set,S-type zircon,181203\LA4-06,Lusatian Granitoids,563.334736744029,28.70499662981537,32.1935483870968,1.0,1.0
40,1.0674468955237966,0.6709055848756008,-0.7904923130964514,2.554382292209018,0.21483075069565316,0.9264709716110854,-0.2572982676738339,-0.6286258283243312,-1.612746350284239,-1.2938636176678173,120,Testing set,S-type zircon,181203\LA4-07,Lusatian Granitoids,555.995256046542,26.627423164825778,34.1935483870968,1.0,1.0
41,1.09785968770405,1.0973694379496464,-1.228423443030234,3.262972129361733,-0.6060625063983878,1.3170943928583287,0.4191498970649736,-0.7520888945363716,-1.3220456765267101,-1.3260672835220784,121,Testing set,S-type zircon,181203\LA4-09,Lusatian Granitoids,544.6,34.826176395032704,36.4516129032258,1.0,1.0
42,1.0084951346464361,0.9545067277978708,-1.129287749743458,2.0220723947425285,-0.7934347853265472,1.0138239782725098,0.576918329993661,-0.16286628436598707,-1.041023524670948,-0.5486241274588163,122,Testing set,S-type zircon,181203\LA4-12,Lusatian Granitoids,474.0,23.450148588017207,24.3225806451613,1.0,1.0
43,0.889741880079311,1.069295846622435,-1.378018497778049,2.7170199202168344,-0.46538158495620935,1.2306386789020691,0.44031046287081904,-1.0168254848580975,-0.9682611172340797,-0.5344114542173363,123,Testing set,S-type zircon,181203\LA4-13,Lusatian Granitoids,468.3,34.30677430200438,30.741935483871,1.0,1.0
44,-0.023287215091718882,-0.37091820025915173,0.050350974001801815,0.39581664722506327,-0.5552557291413911,-0.2620281434110378,-0.41082447638124553,0.5457915211839557,-0.6708835720424942,2.0516075306895787,124,Testing set,S-type zircon,181203\LA4-14,Lusatian Granitoids,538.7,13.886271765404674,12.0645161290323,1.0,1.0
45,1.272222199805037,0.972373969836839,-1.0799032892847469,1.5987283011300266,-1.0800528916654843,1.0258261764567804,0.5711674741183782,-0.3822655952060894,-1.3635636335544863,0.18050504845350207,125,Testing set,S-type zircon,181203\LA4-19,Lusatian Granitoids,521.2,27.9342374733405,35.6451612903226,1.0,1.0
46,0.471142018157245,0.06469961908671025,0.21044944736443824,-0.7188731353697406,-0.34350819431947394,-0.05397525260117732,0.7579562078507898,0.5925892064771406,-1.8983706283514439,1.1421667004922014,126,Testing set,S-type zircon,181203\LA4-21,Lusatian Granitoids,603.745051405509,17.55386720301847,17.258064516129,1.0,1.0
47,1.0185729375397998,0.8793932868969795,-1.3923409355805232,2.3494377244887357,-0.5862634358788514,1.1642642088296047,-0.1504175389667777,-0.8582299064755298,-0.9697729515405381,0.43709062678925814,127,Testing set,S-type zircon,181203\LA4-25,Lusatian Granitoids,493.7,32.76842873605352,36.4516129032258,1.0,1.0
48,0.7576396975506716,0.5565461900605607,-1.093587568345101,2.623343825676623,0.528215648625538,0.7312863230531631,0.21969069002471575,0.26097870962281144,-1.5173808052469482,-1.2992272368953028,128,Testing set,S-type zircon,181203\LA4-27,Lusatian Granitoids,517.4,15.323673039387508,15.8387096774194,1.0,1.0
49,1.3227524584801824,1.3814708249722798,-1.5126858917888752,1.9876431871932358,-0.9215233668515007,1.4382345345970857,1.067811728761546,-0.24126057227322037,-1.4810068385611415,-0.6829937451581614,129,Testing set,S-type zircon,181203\LA4-29,Lusatian Granitoids,562.610069875333,37.29544933007459,40.0967741935484,1.0,1.0
50,0.4638847475559017,0.5110572220101368,-0.2335983557822384,0.09612418301258652,-0.3937961620682481,0.5391623951355333,-0.022966546963796314,-2.091057754479049,0.14391972222637398,0.3729016202563059,130,Testing set,S-type zircon,16CN01-1,Leucogranite,15.0,42.39064644972321,35.6741935483871,1.0,1.0
51,0.5854192197531868,-0.2998464022695276,-1.7594105945264469,1.2505946113595015,-0.7122500701129423,0.2133589900339415,-0.9362948840817163,1.1556696302835756,-0.5951483025058728,4.447690293723932,131,Testing set,S-type zircon,16CN01-3,Leucogranite,15.0,13.166228550797204,18.2287096774194,1.0,1.0
52,0.09432658516322688,-0.27971967776122014,0.5615398318957032,-0.13357015377617965,-0.43765473181116316,-0.2058055344860367,-0.6125249608272991,-0.7348497573579705,0.8859803769102679,-0.3706305155199354,132,Testing set,S-type zircon,16CN01-6,Leucogranite,15.0,20.164263709831904,18.4625806451613,1.0,1.0
53,-0.001977072871587597,-0.09429199784726396,0.21423796853251392,-0.05043701072849947,-0.028501610452899315,0.07073182959540376,-0.47098183205640454,-0.117487142795838,0.38750008725069235,-0.46385968009912815,133,Testing set,S-type zircon,16CN01-8,Leucogranite,15.0,16.476248038923195,12.7222580645161,1.0,1.0
54,1.4376854845480624,0.7738406270168349,-1.5174620557500007,-2.559174096693747,-1.3762430414945201,0.536037970488032,1.7907724420680595,2.8399675312279307,-2.145360280502003,3.253008932174812,134,Testing set,S-type zircon,16CN01-9,Leucogranite,15.0,14.581338345387,21.6170967741935,1.0,0.0
55,1.0208525835988682,0.803646334143812,-1.1934907240356292,-1.217705102636021,-1.2430672196114296,0.6889957124811575,0.9184043584049675,1.1868452805333465,-0.6523472194936564,1.632978764170905,135,Testing set,S-type zircon,16CN01-10,Leucogranite,15.0,25.25173951004498,27.7545161290323,1.0,1.0
56,-0.3269687475319365,-0.39239133826759376,0.4083669470742996,0.023972102580023285,-0.276323738015014,-0.28926700503065084,-0.7919304981504317,-0.37721795347557924,0.7826152583574169,0.6514022162612998,136,Testing set,S-type zircon,16CN01-11,Leucogranite,15.0,16.288418263377388,11.3,1.0,1.0
57,0.2431991142976374,-0.16419302448539355,-0.4895646534799841,1.310380236870848,0.04984910891365245,0.19923101671647764,-1.2697226154813137,-1.3993349627513363,0.7184385963809644,0.7864358852384287,137,Testing set,S-type zircon,16CN01-12,Leucogranite,15.0,25.52726941588107,25.7409677419355,1.0,1.0
58,0.20337876204658595,-1.0322587533320353,-1.1377084402750846,1.641442793663083,-0.015741876358314772,-0.4143735230573624,-1.6928491625200697,1.7302106572445903,-0.1712369546775081,3.426830753011224,138,Testing set,S-type zircon,16CN02-2,Leucogranite,15.0,8.033784216886993,11.7903225806452,1.0,1.0
59,1.188581549574037,1.2065065281741385,-1.0300159327697764,-1.200395148885412,-4.007620614482009,1.000781979275767,1.8112736704646093,0.3349596496803383,-0.1726262408923511,3.5848394765692944,139,Testing set,S-type zircon,16CN02-3,Leucogranite,15.0,43.23440260224693,43.3983870967742,1.0,1.0
60,-0.09315405930602148,-0.29315483997016956,0.2716036649447695,0.23257705623856775,-0.0576926853301112,-0.24704249880673998,-0.49934708435060765,0.005745243090525865,0.31814352468460044,0.017222366865007423,140,Testing set,S-type zircon,16CN02-11,Leucogranite,15.0,13.310397564883973,10.5661290322581,1.0,1.0
61,-0.46456030268459175,-0.07994052905154539,0.31138707912038843,0.3595749418694724,-1.0951714239050607,-0.08491671219403328,-0.6043162409679266,-0.5871233579052845,1.6488745741436703,0.4095429216524217,141,Testing set,S-type zircon,16CN02-15,Leucogranite,15.0,21.33117976971271,11.4541935483871,1.0,1.0
62,0.18124907477036287,-0.16171886422477988,-0.018552277906599357,0.7549022981179194,0.6858992228922735,0.025520990188933314,-0.6346658613611993,-1.369329293771041,0.2659459958735261,-0.6264221837955153,142,Testing set,S-type zircon,16CN02-16,Leucogranite,15.0,22.468021273206094,21.0306451612903,1.0,1.0
63,0.20620699828162473,0.18687182399596486,-0.17781765936981575,-0.5433178839336238,-1.4610596223541978,0.22781286014091406,-0.4854435670719762,-1.2122014176131624,1.3197458466888061,1.8315668591355363,143,Testing set,S-type zircon,16CN02-17,Leucogranite,15.0,34.31375214438113,27.9241935483871,1.0,1.0
64,1.1852779401987574,0.7366750842324243,-1.0011219713831143,-5.0172103312115945,-2.7195931185515136,0.19226816373687597,2.355378184779307,3.7352082592531453,-1.5233454261798096,4.919981085228476,144,Testing set,S-type zircon,16CN02-18,Leucogranite,15.0,16.482975163931393,19.5216129032258,1.0,0.0
65,0.22719454567455052,-0.07797320500226976,-0.12430415366127438,-0.5624775204950603,0.17869254041785046,-0.0743105535105458,-0.11779603666043272,0.07770795133840351,0.023250893513894345,0.27124843996485487,145,Testing set,S-type zircon,16CN02-20,Leucogranite,15.0,16.977438925062494,15.5325806451613,1.0,1.0
66,0.6095609254071418,-0.056029095695584535,0.6055523128556312,0.6832746885045705,-0.1394200395149244,0.17045685373674602,-0.6910112226513834,0.8867898567470369,-0.6618256391798965,-2.2361769241547993,146,Testing set,S-type zircon,18OHZ18-20,pera-aluminous S-type granite,2490.0,21.79132513909188,27.2473531588754,1.0,0.0
67,0.6165891240811019,0.10870076060657051,0.4538889790173262,-0.1322501753203086,-0.6078885003108758,-0.01943498652592493,0.1740795877923838,2.1650554746267776,-1.4853660547317746,-1.0040582331114727,147,Testing set,S-type zircon,18OHZ18-14,pera-aluminous S-type granite,2490.0,16.094771436752872,18.1602814351863,1.0,0.0
68,0.07259197948541715,-0.43300294387823085,0.8119431242330372,1.4551504880045367,0.22996386203558117,-0.08510697807929195,-1.4373151196511267,0.5323193498617605,-0.07029073021311341,-2.1496056091513625,148,Testing set,S-type zircon,18OHZ18-02,pera-aluminous S-type granite,2490.0,20.72682555768031,20.4862794768515,1.0,0.0
69,0.2642958703180903,-0.257128186752286,0.932673354802079,0.638499863154878,-0.31874500251022847,-0.00022495651971373302,-0.9727481179742227,1.3855539818052105,-0.2553118816162147,-2.3552801540609662,149,Testing set,S-type zircon,18OHZ18-08,pera-aluminous S-type granite,2490.0,16.34554370493768,17.0835392942495,1.0,0.0
70,0.09119765775438209,-0.16679983058515718,0.7411481480919336,0.9514773036296493,0.20232624285207707,0.1288960715626137,-1.1317490482416976,0.420510960083025,-0.06625243930731102,-2.3172006314858122,150,Testing set,S-type zircon,18OHZ18-06,pera-aluminous S-type granite,2490.0,24.466269690577658,21.5445703379454,1.0,0.0
71,0.13004765862632742,-0.4662300835692358,0.9483066160935419,1.1090929576722128,-0.21588867031417608,-0.06667365479814011,-1.4317487982635664,0.8683994607567674,0.04495995542536043,-2.0101566854981434,151,Testing set,S-type zircon,18OHZ18-10,pera-aluminous S-type granite,2490.0,17.594297036010015,18.3961277347109,1.0,0.0
72,-0.058128432013682924,-0.2713181088930601,0.8322217025392366,1.6015864582839512,0.22681477178371495,0.1516918904188685,-1.395111334024197,0.17594216594634388,0.07704778511044925,-2.5329653666247003,152,Testing set,S-type zircon,18OHZ18-07,pera-aluminous S-type granite,2490.0,23.82579488601007,19.5762080822577,1.0,0.0
73,0.15950484700144296,-0.2970974064563147,0.7968307001734799,0.8229841903367269,0.3432103519538774,0.040408489582092436,-1.2216184659660865,0.8233730015096887,-0.09502341159690944,-2.609759896591266,153,Testing set,S-type zircon,18OHZ18-11,pera-aluminous S-type granite,2490.0,18.746034921521566,18.5304041246204,1.0,0.0
74,-0.39553482783887783,-0.94044805369876,-0.03627163826176297,0.953862588213403,-0.836500868922783,-0.7358485253217346,-1.4409020133623125,2.381934372084559,0.8747808896066098,1.7334626594195908,154,Testing set,S-type zircon,18OHZ18-04,pera-aluminous S-type granite,2490.0,7.7985983324332135,6.75986465162432,1.0,1.0
75,0.17085350231218024,0.41703678335865363,0.3982665453090392,0.598629696801489,0.2312807306484854,0.38083758294751485,0.29318930384851283,0.2360830431076825,-1.2692050975381879,-1.8323622256855974,243,Testing set,I-type zircon,SA56-2,Stentor pluton （TTG),3258.0,17.749523680148954,12.14,0.0,0.0
76,0.06476050053164623,0.767194754598415,0.16004172839618327,1.3065583300211845,0.6692796630383063,0.7276582095025325,0.7189746251995692,0.06246277321251962,-1.9123213715646477,-2.4893509405797123,244,Testing set,I-type zircon,SA56-3,Stentor pluton （TTG),3258.0,22.961909858008028,12.0403225806452,0.0,0.0
77,-0.1379375388724461,0.7924382697589585,-0.016708106614539187,1.4116156181216886,1.2999301808267714,0.7536462419995565,0.8534904430853802,0.05315446576482614,-2.1119461905269024,-2.6540226750900056,245,Testing set,I-type zircon,SA56-4,Stentor pluton （TTG),3258.0,22.30600987200311,9.77483870967742,0.0,0.0
78,-0.1884973988381529,0.867246405988793,0.10620650739558699,1.9412467450339523,0.6706635158379097,0.8927027759129852,0.6048865700198793,-1.075990686903607,-1.5754487275438178,-2.2677630155661195,246,Testing set,I-type zircon,SA56-5,Stentor pluton （TTG),3258.0,34.6922884054801,14.2603225806452,0.0,0.0
79,-0.1984842343285536,0.6692422616136205,0.3016563966898698,0.8776118254600076,0.7572995902136572,0.6211440585371447,0.6691954717005968,0.062427597894650466,-1.7094992318964366,-2.1765640308050465,247,Testing set,I-type zircon,SA56-6,Stentor pluton （TTG),3258.0,23.594156231043133,10.5083870967742,0.0,0.0
80,-0.30434297947379557,0.7549183900055313,0.1508985186332171,1.7365918841726917,0.9384255903055324,0.7921267456560925,0.7009236805804754,-0.1999840434069516,-1.8454057924548648,-2.5263270020196553,248,Testing set,I-type zircon,SA56-7,Stentor pluton （TTG),3258.0,27.892363928333197,10.9264516129032,0.0,0.0
81,-0.09295012246148512,0.54094247320993,0.3830576229877302,0.590790796906409,0.53067793079226,0.47196649441641597,0.4967100761501161,-0.13029840233074158,-1.3267323369463526,-1.885847728765944,249,Testing set,I-type zircon,SA56-8,Stentor pluton （TTG),3258.0,22.614725148107432,11.728064516129,0.0,0.0
82,-0.2217547584254358,0.7640527672301202,0.20566298816702341,1.5321739956870424,1.1135188596956416,0.7388337403581657,0.7793912319068522,-0.5307818579086249,-1.854949734271392,-2.693977296154327,250,Testing set,I-type zircon,SA56-9,Stentor pluton （TTG),3258.0,28.537847048555626,11.8348387096774,0.0,0.0
83,-0.4874140560166701,0.7971122241944075,0.39878992378544387,1.4737234804462118,0.5059490381659006,0.9481935418409477,0.5103531658521148,-0.49731539095309363,-1.453570078444816,-2.3429684843562213,251,Testing set,I-type zircon,SA56-11,Stentor pluton （TTG),3258.0,31.22004131721815,10.3548387096774,0.0,0.0
84,-0.46187294267818535,0.7768937430518238,0.025771772041560163,2.3523475719831985,1.011464363491855,1.021867542813743,0.6004081832026703,-1.5337261660503427,-1.4224576092857177,-2.3661570938258922,252,Testing set,I-type zircon,SA56-15,Stentor pluton （TTG),3258.0,41.6898647588077,14.0254838709677,0.0,0.0
85,-0.031513218903365475,0.3883763312796835,0.33794363472195316,0.8859351840634777,1.1782898383397857,0.4582388032211673,0.2691678861789828,-0.300430064376288,-1.4453924100700666,-2.4595429386244736,253,Testing set,I-type zircon,SA56-16,Stentor pluton （TTG),3258.0,19.825936824279303,11.5729032258065,0.0,0.0
86,-0.48583766465720835,0.8054611785208711,0.08421007300178174,2.1847597485132693,1.510288364699041,1.0098459480351507,0.6942240784570849,-1.3357162022906206,-1.8203118585173041,-2.8359064586715297,254,Testing set,I-type zircon,SA56-17,Stentor pluton （TTG),3258.0,34.52662693855659,11.2816129032258,0.0,0.0
87,-0.051730801776021844,0.5918199401855366,0.4215521621875659,0.4675496224433526,0.4358773209899417,0.5333353524289164,0.664338426234866,0.5516389513131875,-1.6852728584767516,-2.0946284358723632,255,Testing set,I-type zircon,SA56-18,Stentor pluton （TTG),3258.0,18.702406615342884,9.65677419354839,0.0,0.0
88,0.0007203352101201456,0.6429939686510643,0.3441947498691441,0.7216508313323821,0.5434336581939256,0.609230371903004,0.7802099935832707,0.5479132777494061,-1.9642977397074664,-2.235521515861268,256,Testing set,I-type zircon,SA56-19,Stentor pluton （TTG),3258.0,18.40688041900182,9.64903225806452,0.0,0.0
89,-0.051919503622261554,0.4186654196711918,0.48158220469625274,0.5769772535092607,0.19889752573100705,0.4134128981277094,0.24190870751092608,0.15381781242735657,-1.0772568378835579,-1.7792302083767606,257,Testing set,I-type zircon,SA56-20,Stentor pluton （TTG),3258.0,18.79844865330756,10.7151612903226,0.0,0.0
90,0.052450177432561626,0.5843510832830852,0.43875501927330546,0.5973881561662543,0.21848431407983535,0.5418619839395841,0.526453657279888,0.3766967832475038,-1.5421147735607694,-2.0330504934199185,258,Testing set,I-type zircon,SA56-21,Stentor pluton （TTG),3258.0,19.100971720073524,10.8793548387097,0.0,0.0
91,-0.011777513931806694,0.6696261076119058,0.4756779214398811,0.6204202025029085,-0.06942932387854453,0.6108447264632378,0.4229031519716354,0.2980776099657263,-1.4318234477038891,-1.7665537555959163,259,Testing set,I-type zircon,SA56-22,Stentor pluton （TTG),3258.0,22.221681727453102,11.6235483870968,0.0,0.0
92,-0.483950508618419,0.8669749211415998,0.20248754087541665,2.0517280852912156,0.668046225945897,1.0142324668502534,0.7124995787930094,-1.4991712307659657,-1.4889697426499218,-2.136022789278614,260,Testing set,I-type zircon,SA56-23,Stentor pluton （TTG),3258.0,43.19431813785578,13.7477419354839,0.0,0.0
93,-0.04299132693259203,0.6254709475365291,0.41673168667077787,0.766976652809594,0.5396597732941311,0.5495283736329357,0.6014034931998643,0.39437012821442013,-1.869595440901763,-2.145623683961907,261,Testing set,I-type zircon,SA56-24,Stentor pluton （TTG),3258.0,19.46607537330342,10.0512903225806,0.0,0.0
94,-0.17011217800871867,0.8442740362205384,-0.0007459730517881895,2.161915711651437,1.7008878755802075,1.0174381456475334,0.5697304533347938,-1.0439098302817267,-2.066156823819318,-3.2802770754123722,262,Testing set,I-type zircon,SA56-25,Stentor pluton （TTG),3258.0,32.632983620473134,13.6712903225806,0.0,0.0
95,-0.19119551823455053,0.8426336799760196,0.1669117113704521,1.6671935096097406,1.380388028882162,0.8174698724290361,0.6907902237452334,-1.2532658253472326,-1.806535733597623,-2.838710939046597,263,Testing set,I-type zircon,SA56-26,Stentor pluton （TTG),3258.0,31.281970064911242,12.9283870967742,0.0,0.0
96,-0.13280476872953473,0.9698631100845507,-0.0659489484589636,2.45316313102436,1.6782777747561648,1.0526687673055561,0.5429965199511243,-1.070243630104085,-2.0697446667062183,-3.508422403882754,264,Testing set,I-type zircon,SA56-27,Stentor pluton （TTG),3258.0,31.680618825209553,13.0258064516129,0.0,0.0
97,0.057824288042796886,0.582741584406136,0.5109885009873038,0.42616751402576974,0.10495885938876498,0.49960927582295556,0.5691281316340315,0.46520076567769164,-1.5667014281522784,-1.9297875267056392,265,Testing set,I-type zircon,SA56-28,Stentor pluton （TTG),3258.0,19.01715004762745,10.8764516129032,0.0,0.0
98,-0.11144579044374174,0.6049820394568542,0.388141684540267,0.8122403093990711,0.644459433986676,0.5878155317030804,0.5733836931185917,0.33382322354492894,-1.7871051269967486,-2.216391960478508,266,Testing set,I-type zircon,SA56-30,Stentor pluton （TTG),3258.0,20.55799026580889,10.1187096774194,0.0,0.0
99,-0.1865915771495795,0.7063632158621062,0.240830447695625,1.4797575231181603,0.7777369194225442,0.7358591553887711,0.5602240367950581,-0.4436406387015904,-1.6358857991634885,-2.3738001008695875,267,Testing set,I-type zircon,SA56-31,Stentor pluton （TTG),3258.0,27.882021632772776,12.3303225806452,0.0,0.0
100,-0.07274733041827872,0.8491146085301867,0.19657015778454517,1.107992580440653,1.0849033817489802,0.7353995395170311,0.970684950455107,-0.12447226584081574,-2.2610385714782697,-2.5657981547833297,268,Testing set,I-type zircon,SA56-32,Stentor pluton （TTG),3258.0,25.21003701900387,11.2932258064516,0.0,0.0
101,0.03526802126607004,0.3941133423136068,0.19790529994829653,1.1297352466348867,1.2037174813607663,0.44831545329137323,0.2335798024157156,0.2398702588717832,-1.7285183152855799,-2.4181431227531767,269,Testing set,I-type zircon,SA56-33,Stentor pluton （TTG),3258.0,17.022012147465738,10.5341935483871,0.0,0.0
102,-0.10575128506471625,0.6548900928579602,0.17943400608219107,1.4146244094572242,0.5830782015427073,0.6716767431433772,0.2411488346056174,-1.2282745350423623,-1.0232584429498264,-1.8512232705121,270,Testing set,I-type zircon,SA56-34,Stentor pluton （TTG),3258.0,31.539118953498235,15.5251612903226,0.0,0.0
103,-0.18719101218551304,0.7153659066707111,0.11131144519312935,1.6091173407403045,0.7586416562495918,0.8264276176350972,0.6329428333324424,-1.540133039441102,-1.2434199401476276,-2.0444936509352263,271,Testing set,I-type zircon,SA56-35,Stentor pluton （TTG),3258.0,34.62920817034926,15.1325806451613,0.0,0.0
104,0.2715280477907824,0.7850761553108445,0.33577826007949796,0.5984381901847954,-0.1018113708713997,0.7110058432554714,0.8707063834300098,0.04789896715222782,-1.8016366791719751,-1.814280001176951,272,Testing set,I-type zircon,SA56-36,Stentor pluton （TTG),3258.0,25.06859746789441,15.2948387096774,0.0,0.0
105,-0.3598934023162207,0.9552900243603193,-0.10307018571450677,2.2234165368942476,1.5436131111828888,1.073394098044141,0.7858516043167839,-1.254247717025955,-1.9589640151660532,-2.8604777674623407,273,Testing set,I-type zircon,SA56-37,Stentor pluton （TTG),3258.0,35.2149918548756,11.9548387096774,0.0,0.0
106,-0.3651301637410907,0.777650350397676,0.1415113730501374,1.9258423539295457,0.6628297276430737,0.8780544653543068,0.6783240245768412,-0.6402203848171363,-1.6549119353800177,-2.167471034562767,274,Testing set,I-type zircon,SA56-38,Stentor pluton （TTG),3258.0,31.49216285326558,11.5712903225806,0.0,0.0
107,0.06003506110372753,0.5444461662548016,0.39402751244728723,0.6932549487992529,0.43674327530320256,0.4711567978988793,0.5007960577707997,-0.18127980997046747,-1.4019824915307464,-1.987497567063096,275,Testing set,I-type zircon,SA56-39,Stentor pluton （TTG),3258.0,21.9065748240115,12.8287096774194,0.0,0.0
108,0.1584436804171328,0.831429981970929,0.2557921981547515,0.9639125364172026,0.9885840388730676,0.6802350152363439,1.04554162441839,-0.42690296091670166,-2.234074059763073,-2.6609003664426973,276,Testing set,I-type zircon,SA56-40,Stentor pluton （TTG),3258.0,25.339977018730494,13.7745161290323,0.0,0.0
109,-0.15154717417270502,0.708210956888614,0.3842124906764953,0.8225638685326816,0.6164280249307046,0.6473799075916371,0.7714759415499578,0.26196929995437673,-1.8813989885349405,-2.284927073859886,277,Testing set,I-type zircon,SA56-41,Stentor pluton （TTG),3258.0,20.268475881550664,9.1541935483871,0.0,0.0
110,-0.26278121170289204,0.7552916988729191,0.2183573095838191,1.7789589779022181,1.4109878273421168,0.8987821996292249,0.5132194677655513,-1.5478587467516958,-1.6958779052231834,-2.7686356184488727,278,Testing set,I-type zircon,SA56-42,Stentor pluton （TTG),3258.0,35.39174391397017,14.3145161290323,0.0,0.0
111,0.28580240775634996,0.9179255392057357,-0.07549654088758313,1.3802821817653288,1.142288322783459,0.8484320897869085,0.9624633510954177,0.4525899177294236,-2.63252006186659,-2.924794981884686,279,Testing set,I-type zircon,SA56-43,Stentor pluton （TTG),3258.0,18.40429982420101,10.6641935483871,0.0,0.0
112,-0.14817050979082264,0.6349370644520994,0.4309082919716942,0.6799974004006502,0.5692991958116752,0.5557953265523708,0.6957376728472308,0.5191740869304575,-1.8737754019304145,-2.156242118128081,280,Testing set,I-type zircon,SA56-44,Stentor pluton （TTG),3258.0,19.839782751269578,9.29129032258064,0.0,0.0
113,-0.09519693342974073,0.5435888587855445,0.14130092533339478,1.4151254776712878,1.0968416970019275,0.5144459581782271,0.29726571103754235,0.18803955437620282,-1.608533039996199,-2.523811256083773,281,Testing set,I-type zircon,SA56-45,Stentor pluton （TTG),3258.0,17.551150787890588,9.1341935483871,0.0,0.0
114,-0.07731031038944598,0.4867011730613462,0.3547343109625903,0.9215900998410909,1.0688762486741992,0.49993559339016846,0.2982958645670477,-0.11670318701395482,-1.6495819500473254,-2.3277886927026334,282,Testing set,I-type zircon,SA56-46,Stentor pluton （TTG),3258.0,20.080015802349827,10.8506451612903,0.0,0.0
115,0.3511780871330934,0.8261404976300868,-0.00941900232614782,1.5447345210176557,1.2103324887654245,0.8456664883701764,0.6077942970234368,-0.5961266461125267,-2.1118320665389265,-2.9827800352313534,283,Testing set,I-type zircon,SA56-47,Stentor pluton （TTG),3258.0,26.008316551646075,16.8025806451613,0.0,0.0
116,-0.11373419740726132,0.6868392054416631,0.34390234748308446,1.0904297978243276,0.5850253814203741,0.6806353090393387,0.6870440481493099,0.10724642763611854,-1.78031038624854,-2.37582624904377,284,Testing set,I-type zircon,SA56-49,Stentor pluton （TTG),3258.0,22.755530560333998,10.6974193548387,0.0,0.0
117,-0.013800942280075588,0.7171127894429367,0.3543785756644645,1.0502149465252828,0.29786560899667497,0.6675265006209353,0.697531581989418,-0.2625826533041781,-1.8397286763800549,-1.7919395311717372,285,Testing set,I-type zircon,SA56-50,Stentor pluton （TTG),3258.0,25.751865891042936,12.9722580645161,0.0,0.0
118,-0.07319987316425827,0.5252417950460117,0.4072252912554706,0.7792548112839369,0.5142208014566269,0.5193170305394654,0.507035603415721,0.5943415209374407,-1.6961609373316306,-2.173544317881869,286,Testing set,I-type zircon,SA56-51,Stentor pluton （TTG),3258.0,19.605539669932217,10.3174193548387,0.0,0.0
119,-0.3077499186150991,0.862655519663319,-0.04025538390849296,2.5582335862551235,1.8998757405287912,1.0543578793625765,0.6170117328319622,-1.666141262809973,-2.0377272777082913,-3.2654317134810156,287,Testing set,I-type zircon,SA56-53,Stentor pluton （TTG),3258.0,37.15830896558443,13.7725806451613,0.0,0.0
120,-0.3802434948031444,0.9615567296871474,-0.23200454790586425,2.7242924798382693,1.8754982154442958,1.1501983676082803,0.7149373262112795,-1.40402213517568,-2.0638003931915296,-3.2000137412736134,288,Testing set,I-type zircon,SA56-54,Stentor pluton （TTG),3258.0,36.451509438097,12.1390322580645,0.0,0.0
121,0.2961287016152019,0.6769101518153253,0.26461822099242505,0.8926735621343999,0.12768198304144956,0.6715435416334457,0.5088155365759423,0.38250480055032443,-1.7371203006248244,-2.100180237398921,289,Testing set,I-type zircon,SA56-55,Stentor pluton （TTG),3258.0,21.21747961095744,14.0938709677419,0.0,0.0
122,0.08256309415570807,0.5739845138476117,0.28779136776444,0.9195666193407849,0.6700661950135726,0.5766524888355158,0.600506617943149,0.11035244623511474,-1.7484653974107034,-2.2920576685485416,290,Testing set,I-type zircon,SA56-56,Stentor pluton （TTG),3258.0,21.148237131829536,12.311935483871,0.0,0.0
123,-0.530938861960287,0.13207040516217622,0.6406740992451002,1.0368758225217758,2.063579710526173,0.11122708228310442,-0.07058785536755001,-0.9678627011684499,-1.3607053915795213,-2.4973677861493773,291,Testing set,I-type zircon,SA32-1,Badplaas pluton (TTG),3270.0,23.181274128399398,10.4212903225806,0.0,0.0
124,-0.4691539678669666,0.20184853556216248,0.1282661601483412,0.9318458529123694,1.7928278270345421,0.11736740090481855,0.028244476312434885,-0.7268789226080308,-1.228449454436376,-1.3056706867943757,292,Testing set,I-type zircon,SA32-5,Badplaas pluton (TTG),3270.0,24.965910854674906,11.488064516129,0.0,0.0
125,-0.5036519987292359,0.3451745276254496,0.4613025998842588,1.2951814288406582,2.3192193464895845,0.5423454871593274,0.10930956311540961,-2.598739477376617,-1.2035945322502797,-2.6760438820333268,293,Testing set,I-type zircon,SA32-7,Badplaas pluton (TTG),3270.0,40.09336382860844,16.4377419354839,0.0,0.0
126,-0.41677379716165847,0.34970563865038534,0.18596056093162336,0.08847199477670836,1.5889288994992752,0.19318426925317395,0.36574245995387544,-0.6289500850557603,-1.227037686581317,-1.1900892385569979,294,Testing set,I-type zircon,SA32-8,Badplaas pluton (TTG),3270.0,24.34839824391957,10.8074193548387,0.0,0.0
127,-0.18925657154322267,0.1916863446342803,-0.08009784818375468,1.1265573823265864,1.9505633833855154,0.16108616753290628,0.2859541433677718,-0.20137204433858294,-1.6055902004609175,-1.7941445905730593,295,Testing set,I-type zircon,SA32-12,Badplaas pluton (TTG),3270.0,18.48141165411823,10.5748387096774,0.0,0.0
128,-0.312533375689563,0.321193261933876,0.27530335303106496,0.2566940637581345,1.5704149661425675,0.22334860189874575,0.08092257320304866,-0.9704562683568394,-1.402788286325137,-0.9985158063897077,296,Testing set,I-type zircon,SA32-13,Badplaas pluton (TTG),3270.0,28.62676668599142,14.1448387096774,0.0,0.0
129,-0.25756640669844233,0.19480757708684254,0.1336747228766059,0.12399031612748673,1.5200582039938888,0.02525558685858108,0.31647513845454905,-0.07293045270432005,-1.2764035512506744,-1.1560005154144,297,Testing set,I-type zircon,SA32-14,Badplaas pluton (TTG),3270.0,18.137523187846224,9.86129032258065,0.0,0.0
130,-0.32794004288317125,0.4716841993989166,-0.02633323931298837,1.5255275571918925,2.32319061147528,0.6207495127141456,0.037632155972569234,-2.3306578415137555,-1.3339744761400534,-2.1180754043159062,298,Testing set,I-type zircon,SA32-18,Badplaas pluton (TTG),3270.0,35.72573562881515,16.1116129032258,0.0,0.0
131,-0.35524239445223327,0.42772839487835906,0.06334196970840675,1.9103303986129132,2.3610665684730416,0.6406006998050353,-0.06611302231106074,-2.508745077918875,-1.3352684044849372,-2.4170358023138374,299,Testing set,I-type zircon,SA32-19,Badplaas pluton (TTG),3270.0,37.41773484357777,16.8777419354839,0.0,0.0
132,-0.7116234991827074,0.2856505360679733,0.726811957916679,0.6412359642604849,1.986245997942974,0.42332152825218977,0.15602358379794506,-1.9580899747711769,-1.1154482911109846,-2.3526922637608516,300,Testing set,I-type zircon,SA32-20,Badplaas pluton (TTG),3270.0,35.912720508315,12.7945161290323,0.0,0.0
133,-0.3750700440078387,-0.22753703812806186,0.0061258493921155874,-0.0985964101144349,1.1881618924248438,-0.30088080430935893,0.3149497306500203,3.059062894239398,-1.6685949723071205,-0.7264667943933922,301,Testing set,I-type zircon,SA32-21,Badplaas pluton (TTG),3270.0,7.4907020741924875,4.42064516129032,0.0,0.0
134,-0.4579601019508644,0.09660629839976373,0.17723354744555553,2.598892236036239,2.613982626556677,0.3931159109043478,-0.12954045643155265,-2.511713308035397,-1.4786615389259994,-2.53556738231027,302,Testing set,I-type zircon,SA32-24,Badplaas pluton (TTG),3270.0,34.63101890187849,16.6509677419355,0.0,0.0
135,-0.6217740562725191,0.06976626778478247,-0.23099095068900424,1.8681995715389537,2.0553264146853047,0.19110624015586716,-0.38102791222070875,-0.45546337233860873,-1.3767978881359533,-0.8448329282761087,303,Testing set,I-type zircon,SA32-29,Badplaas pluton (TTG),3270.0,22.326577891486732,9.81774193548387,0.0,0.0
136,-0.4843607523713222,0.21239395766991415,0.20837606623452096,0.40059237545850895,1.557384669524636,0.07335812638634262,0.1070697223645645,-0.7811225620433941,-0.9746185719135905,-1.0240270897447572,304,Testing set,I-type zircon,SA32-30,Badplaas pluton (TTG),3270.0,22.49186248525203,10.2051612903226,0.0,0.0
137,-0.4364862822958077,0.30368672202177244,0.0656053539893767,1.1101245547759357,1.9369063843386811,0.2940905417923674,0.04830500306999657,-1.3806946322015108,-1.0382164866116625,-1.706376063260435,305,Testing set,I-type zircon,SA32-31,Badplaas pluton (TTG),3270.0,26.114088690359797,11.7535483870968,0.0,0.0
138,-0.6648389269407777,0.186946700646358,0.24014702534409796,0.506319061637521,1.6794287613485297,0.08837904134217613,-0.04676303519956517,-1.0830477944476535,-0.8856287155144117,-0.8263976388673379,306,Testing set,I-type zircon,SA32-32,Badplaas pluton (TTG),3270.0,25.22471993155994,10.0538709677419,0.0,0.0
139,-0.23717440953450422,0.2432064125926453,-0.024389332131761584,0.49180986947136895,1.6530373746330362,0.14369226429628107,0.3977136069275275,0.11488824077447363,-1.47747441297824,-1.4167601345609935,307,Testing set,I-type zircon,SA32-33,Badplaas pluton (TTG),3270.0,17.99960276392466,9.64903225806452,0.0,0.0
140,-0.5915570125182757,0.21230427291630322,0.31950180405719936,0.4844768411156593,1.8323897629261698,0.1316414830813646,0.08289084392112844,-0.2730350973178726,-1.341602172897561,-1.5383757938885732,308,Testing set,I-type zircon,SA32-34,Badplaas pluton (TTG),3270.0,19.581255321751883,8.10483870967742,0.0,0.0
141,-0.352891116717217,0.10446995174520571,0.06226132370493247,0.41140556493197206,1.7104945158758638,0.03903129034186985,0.10907459406519371,0.42816092692736707,-1.2738721584343438,-1.4165742357930333,309,Testing set,I-type zircon,SA32-35,Badplaas pluton (TTG),3270.0,15.651279091001557,8.23258064516129,0.0,0.0
142,-0.7036726442184936,0.22737805492809998,0.23621760594791308,-0.05130659226150814,1.5347439392101618,0.08342210560111714,0.264615357933154,-0.46947143733488417,-0.973284352858106,-0.7076799209974469,310,Testing set,I-type zircon,SA32-36,Badplaas pluton (TTG),3270.0,23.41555480697204,8.73903225806452,0.0,0.0
143,-0.7229075067426789,0.27182097380229686,0.5780037398887499,1.757633151381539,2.478403413358872,0.4723793436552737,-0.1255821867478252,-2.4489844535381455,-1.2482371244911163,-2.8742571214978017,311,Testing set,I-type zircon,SA32-37,Badplaas pluton (TTG),3270.0,34.02121453366129,12.2206451612903,0.0,0.0
144,-0.3976678569692009,0.17671551455041715,-0.022666186005787656,0.47964552075761857,1.6663113353682522,0.019436443141715283,0.37260993965067035,-0.512528360081675,-1.1397915992867984,-0.907381044828943,312,Testing set,I-type zircon,SA32-38,Badplaas pluton (TTG),3270.0,22.08439861965166,10.6977419354839,0.0,0.0
145,-0.3449707169712592,0.021027910344789798,0.18502191440875207,0.26729871112629383,1.5629177557991896,-0.005348735975502745,-0.12836897967308547,-0.9694993487621415,-0.6512879183772281,-0.892548368814281,313,Testing set,I-type zircon,SA32-40,Badplaas pluton (TTG),3270.0,20.11850591338012,11.1751612903226,0.0,0.0
146,-0.7737673766635252,0.2883561131567113,0.7819463313938543,0.22413649095508895,1.831351536503966,0.2826255255263624,0.2154993996395934,-1.266630118952005,-1.2319145793305544,-2.0312479078484,314,Testing set,I-type zircon,SA32-41,Badplaas pluton (TTG),3270.0,29.416139220302064,9.96870967741935,0.0,0.0
147,-0.31751865419493647,0.08041186408423152,0.06494901885613745,-0.025566535127097816,1.4638739107125838,-0.09374502127593727,0.4147808567780205,0.9790715896859383,-1.4552161876816327,-0.9798502464156298,315,Testing set,I-type zircon,SA32-45,Badplaas pluton (TTG),3270.0,13.269642768129808,7.17903225806452,0.0,0.0
148,-0.3709879429640433,0.43484513991659324,0.09579921259343287,1.3240353762194916,2.135749624935869,0.42907251717451456,0.40991489650374,-1.3402120582799986,-1.5558633328345168,-2.3458981064987987,316,Testing set,I-type zircon,SA32-46,Badplaas pluton (TTG),3270.0,27.75913820695694,12.1054838709677,0.0,0.0
149,-0.6213226089447333,0.16081642367861426,0.1986930648981291,0.5892167931208664,1.7212947389422706,0.12648141322427267,-0.05554042769245512,-1.0236999053788143,-0.7397434472940096,-1.1671147848437227,317,Testing set,I-type zircon,SA32-48,Badplaas pluton (TTG),3270.0,25.047304766594376,10.4645161290323,0.0,0.0
150,-0.8115449754736738,0.16895712232816523,0.27362257031111836,-0.17014424537007222,1.4038229891291876,-0.004027199163950224,0.26911195696284596,0.13868150739286508,-0.9980407263460741,-0.5402989333496344,318,Testing set,I-type zircon,SA32-49,Badplaas pluton (TTG),3270.0,20.304982131164575,7.1341935483871,0.0,0.0
151,-0.5990223238776029,0.2559047658440231,0.19096339282084362,-0.16162092372937037,1.4112896513842281,0.06742205954681321,0.3223380238721687,-0.03873877273842429,-1.093006217467227,-0.7028158858676605,319,Testing set,I-type zircon,SA32-50,Badplaas pluton (TTG),3270.0,19.10938216602989,7.68322580645161,0.0,0.0
152,-0.4262661907188365,0.3597259077114087,-0.00632024885528767,0.983563479978522,1.8536935602314997,0.1614675510628615,0.2811921951769648,-1.2434527379004507,-1.0976592381934205,-1.4297886129278787,320,Testing set,I-type zircon,SA32-53,Badplaas pluton (TTG),3270.0,27.547916635002572,12.18,0.0,0.0
153,-0.3286322798865405,0.2122229942055902,0.09313325111216227,0.26262128528273704,1.6063903470863827,-0.022606266188680557,0.32463174337155676,0.3510995307881302,-1.3897086842336932,-1.2850080311231482,321,Testing set,I-type zircon,SA32-54,Badplaas pluton (TTG),3270.0,17.040749197938617,8.71677419354839,0.0,0.0
154,-0.4825634729001101,0.3922046909060804,0.1693941862878289,0.064196464726133,1.5976999103943306,0.16068951059681127,0.4620831644426517,-0.18888802062738613,-1.3830583478363956,-1.2200698725310444,322,Testing set,I-type zircon,SA32-55,Badplaas pluton (TTG),3270.0,21.341892363513477,8.83935483870968,0.0,0.0
155,-0.21563685169799582,0.05345853421073836,-0.02075442366730852,-0.24967805989829475,1.3369459630414993,-0.1786253332603679,0.5595116929015865,1.9469713376515005,-1.6099950263072813,-1.0282374910990792,323,Testing set,I-type zircon,SA32-56,Badplaas pluton (TTG),3270.0,10.476432664925735,6.21451612903226,0.0,0.0
156,-0.6534012256715859,0.41734862183651594,0.16298100276936422,0.05909165544119134,1.498289409062746,0.16856271134054066,0.3880475802989991,-0.2911975803200943,-1.1634242031350917,-0.9365767872570115,324,Testing set,I-type zircon,SA32-57,Badplaas pluton (TTG),3270.0,23.97109980469349,8.58193548387097,0.0,0.0
157,-0.3342281030755948,0.04367712591423561,-0.0508884789611542,-0.06610117942369784,1.4451033178330985,-0.20094328153462923,0.5668952852151307,1.4959543456472737,-1.497865295268735,-0.8547834592799253,325,Testing set,I-type zircon,SA32-58,Badplaas pluton (TTG),3270.0,12.308224025369132,6.66258064516129,0.0,0.0
158,-0.5329659168376705,0.3250480215737143,0.20957807007519202,0.008121956981493584,1.4480586853258435,0.13749620474918148,0.43193388403468297,-0.05694915582812897,-1.2827420000904854,-1.0510314792852506,326,Testing set,I-type zircon,SA32-60,Badplaas pluton (TTG),3270.0,20.663863612559325,8.47161290322581,0.0,0.0
159,-0.39174079167859466,0.6660447594899636,-0.28216798289613154,-0.17631292803925275,-0.3310029590787834,0.5700681537805187,0.3766058823199511,1.59289762968303,-0.5840490450924836,-0.05703169614058462,327,Testing set,I-type zircon,m1093--37-1.DAT,Acasta Gneiss Complex,4020.0,11.730570496094122,4.63741935483871,0.0,0.0
160,-0.30493526034915525,0.6870670067788798,-0.29540089165454225,-0.2484889784803561,-0.272502407843596,0.5515434240019899,0.3162982145867079,1.562347338486769,-0.6436369827086689,-0.06130569946223649,328,Testing set,I-type zircon,m1093--37-2.DAT,Acasta Gneiss Complex,4020.0,11.916309737302612,5.02,0.0,0.0
161,-1.189358493945071,1.2471177629313868,-0.9716556601674976,2.1379222112217358,0.9714706200282197,1.2400705091253683,0.6562796104889932,-1.7793110115250508,-0.26780261473859,-0.4994424658126765,329,Testing set,I-type zircon,m1093-33-1.DAT,Acasta Gneiss Complex,4020.0,45.015990000929406,7.03129032258065,0.0,0.0
162,-1.1480111952220027,1.2351157488405353,-0.9146769726867107,2.126786861402881,0.8730423320166616,1.265769411154378,0.6021119613654554,-1.4259748705497035,-0.3960227132596844,-0.6058693799599154,330,Testing set,I-type zircon,m1093-34-1.DAT,Acasta Gneiss Complex,4020.0,39.97086018532751,6.50903225806452,0.0,0.0
163,-0.4611790291377736,0.7107859014183325,-0.17947237052223966,0.036970931304797804,-0.5552487648395502,0.5531065004527751,0.4630487727455003,2.0367134941289216,-0.8344562829903334,-0.09889785056131825,331,Testing set,I-type zircon,m1093-34-2.DAT,Acasta Gneiss Complex,4020.0,11.123169418693108,4.06483870967742,0.0,0.0
164,-1.2550804152970712,1.1261262470962423,-0.8746162653055567,2.1628873586590283,1.0353854357589494,1.1275808280758473,0.547605749756034,-0.5706704278133998,-0.6293588820922544,-0.7537337950906863,332,Testing set,I-type zircon,m1093-35-1.DAT,Acasta Gneiss Complex,4020.0,30.213010633986325,4.76677419354839,0.0,0.0
165,-0.455863434766167,0.6269361901549942,-0.40175077799274805,0.3589482054542515,-0.06737236372998191,0.47310244884201874,0.34099624449716553,1.3349947075488737,-0.6147057237940249,-0.05207935190136521,333,Testing set,I-type zircon,m1093-36-1.DAT,Acasta Gneiss Complex,4020.0,13.008724446635243,4.99064516129032,0.0,0.0
166,-0.532337584518884,0.7000033197651901,-0.4229514963771177,0.7994355624911453,-0.13019280580469553,0.5651620083085698,0.437508050432361,0.13144591090923777,-0.2632196447468032,-0.005488548400057732,334,Testing set,I-type zircon,m1093-39-1.DAT,Acasta Gneiss Complex,4020.0,19.025514224154144,6.60774193548387,0.0,0.0
167,-0.8932154993863466,-0.6042509597226681,-0.8264920603545259,-3.5220371636366203,-0.282934346930748,-1.3650684273942413,0.6990639284769211,4.156487096103523,-0.03241530128701578,5.746729871505334,335,Testing set,I-type zircon,m1093-47-1.DAT,Acasta Gneiss Complex,4020.0,4.040272159748763,1.89032258064516,0.0,0.0
168,-0.45746531585903893,0.5475790167139141,-0.36690088427279843,0.19118966877647334,-0.04851801550399925,0.4581649796582957,0.25164471368708996,1.549699668599484,-0.6227759127565091,0.007049931019160167,336,Testing set,I-type zircon,m1093-51-2.DAT,Acasta Gneiss Complex,4020.0,12.385320356233665,4.91741935483871,0.0,0.0
169,-1.2267354672069803,0.4712265497740656,-0.1526472981123128,0.4744152939086271,0.2715720201745298,0.5822530746757864,-0.5813919580146638,-3.880450370270602,2.2370853533500514,0.777555567972426,337,Testing set,I-type zircon,m1093-66-1.DAT,Acasta Gneiss Complex,4020.0,58.89588704590027,13.3648387096774,0.0,0.0
170,-1.141037674160046,1.3043416899795313,-0.9686564565286011,2.1785319166168584,0.8644969542624847,1.3277066295264675,0.6138784279049876,-1.9684047642416953,-0.24832020677710456,-0.4862690943560586,338,Testing set,I-type zircon,m1093-87-1.DAT,Acasta Gneiss Complex,4020.0,45.727541689648426,7.26709677419355,0.0,0.0
